OrderId,Country,ItemType,OrderDate,UnitsSold,UnitPrice
5B422DA4-E12F-0C4B-0248-F7DE91CC4907,Libya,Cosmetics,18/09/2018,8446,437.2
149E118C-901B-2478-F410-72E53931A962,Canada,Vegetables,03/09/2019,3018,154.06
498511D1-157C-32C5-B2D7-2255F113ECA5,Libya,Baby Food,26/04/2018,1517,255.28
73287FCD-4A67-11A3-7071-429E0AD27214,Japan,Cereal,15/06/2019,3322,205.7
11DDAD8D-95D6-F418-A6C1-10AAD2E95DFF,Chad,Fruits,15/05/2018,9845,9.33
01164B7D-C7EA-A855-8CD5-4D9BCC20C5B7,Armenia,Cereal,24/06/2018,9528,205.7
FFCEF957-C9AF-092C-DDC5-01FE99E07136,Eritrea,Cereal,10/12/2018,2844,205.7
0DC2BB8E-B9C0-04E4-F504-A91F8C97D557,Montenegro,Clothes,14/01/2019,7299,109.28
7B299CFF-264A-0CBF-2501-6A58C37BC1D6,Jamaica,Vegetables,03/01/2018,2428,154.06
2AC52BAA-7AB3-D69D-EF70-5FCD3EAAE15D,Fiji,Vegetables,17/08/2018,4800,154.06
CBEC42B4-6AAF-EA73-6BDD-781A87C46C0C,Togo,Clothes,22/09/2017,3012,109.28
18ED850D-AD02-F22E-6423-5C48174695D0,Montenegro,Snacks,16/10/2018,2694,152.58
F37FA77C-214F-E79D-0A43-396EF59ABB52,Greece,Household,09/10/2018,1508,668.27
D5C4BEBB-05B0-B58F-5530-D330E72B5CF6,Sudan,Cosmetics,08/02/2018,4146,437.2
0825BDD6-A959-0BDC-2117-E57B5BB08C88,Maldives,Fruits,17/10/2018,7332,9.33
EF03BCE8-307F-147A-EA05-A97543DB9F35,Montenegro,Clothes,27/06/2018,4820,109.28
8AEF55E6-FEC4-FC8A-B042-58F753D6A427,Estonia,Office Supplies,23/10/2017,2397,651.21
12FD352C-D708-0101-7A82-CC43744AEEA9,Greenland,Beverages,18/08/2019,2880,47.45
3DC9EEF6-2D19-1BAA-7029-9AEC36FD1300,Cape Verde,Clothes,21/09/2017,1117,109.28
02E62090-16F3-5121-5099-ADAAE560C290,Senegal,Household,13/02/2018,8989,668.27
5ABED2EB-6C26-DEF0-F9A8-980796B2EA60,Federated States of Micronesia,Snacks,11/05/2018,407,152.58
835E1B6E-E026-DAAF-C669-961DC7919B3D,Bulgaria,Clothes,07/10/2017,6313,109.28
B0AF6D00-A88F-798B-2778-D99FF55C33EB,Algeria,Personal Care,27/08/2018,9681,81.73
4DD655E6-E2F1-77C0-5FE7-2BA9024C2B7A,Mongolia,Clothes,10/06/2018,515,109.28
D789B083-7855-309D-8FAE-94A5A5274AB1,Grenada,Cereal,24/04/2018,852,205.7
956774A4-7294-DB4F-DB3C-611228F7892E,Grenada,Beverages,26/06/2019,9759,47.45
57DBE62D-28DF-A397-AAAF-7876D8F56B01,Senegal,Beverages,01/10/2018,8334,47.45
695A8BEC-4D1B-4C61-EACA-7AF2375B3D4F,Greenland,Fruits,01/09/2019,4709,9.33
6ADD77CE-4C4B-F906-57CA-482C534220A5,Chad,Meat,11/12/2018,9043,421.89
EB252175-3A44-E84D-E8D6-B71CAB928DA3,Mauritius ,Personal Care,03/02/2019,8529,81.73
343585D8-1C90-0909-901F-930804E5D689,Morocco,Beverages,05/04/2018,2391,47.45
404ECED8-9FE4-7BF5-49D0-A5FE34F6FF1D,Honduras,Office Supplies,07/11/2017,6884,651.21
E86FFFAB-FE48-2494-1864-F68AD49CF808,Benin,Fruits,11/09/2017,293,9.33
3CB13C4E-E3E5-109A-46D7-36DD57A00E67,Greece,Baby Food,30/09/2017,7937,255.28
4C390509-B04B-B2F2-67DA-D8D92B1B1625,Jamaica,Beverages,07/04/2018,7163,47.45
E39DA279-FF7A-60B0-0255-5FFDDA789F94,Equatorial Guinea,Office Supplies,09/06/2018,2352,651.21
71388019-F436-39B9-7DC4-9E07F5827E8B,Swaziland,Office Supplies,12/05/2019,9915,651.21
9E2114CF-A49A-3089-543C-5E1DFAFEE39E,Trinidad and Tobago,Vegetables,07/10/2018,3294,154.06
FFAD673E-66C1-C9E5-AFC4-CC9FFC8CC6F4,Sweden,Baby Food,02/10/2017,7963,255.28
7329049D-489C-AEA7-EB2D-CC98FB75ED8E,Belarus,Office Supplies,30/04/2018,6426,651.21
14734C4D-9329-CD1C-DD16-F6594E152BF8,Guinea-Bissau,Office Supplies,28/08/2018,3221,651.21
5024AE70-95ED-6444-865F-83BBD3F99D39,Mongolia,Beverages,06/06/2019,9913,47.45
3EA9C5B3-C3A2-D0B3-0EAB-D28005E6FEDC,Turkey,Meat,16/03/2018,103,421.89
6D976977-7160-7908-EE49-03979FF3D949,Central African Republic,Snacks,24/08/2018,4419,152.58
F85C2058-465D-7EFB-59CB-143790B13A11,Equatorial Guinea,Office Supplies,01/06/2018,5523,651.21
90A7AA5E-3C3D-7910-9E34-F1B5C4E82928,Laos,Beverages,01/02/2019,3107,47.45
27D7D463-0511-C799-3091-F7C2C758B221,Armenia,Meat,05/07/2019,8896,421.89
B8EE9E53-070D-19BF-1927-991439589343,Greece,Household,05/04/2018,1643,668.27
0C4699CB-AD89-C4CE-A77D-E531C8EDABDF,Israel,Personal Care,08/08/2019,2135,81.73
1FECBB69-BECF-92A8-E477-CAC75DD0147A,Bhutan,Meat,07/12/2017,8189,421.89
B15185C8-375B-E620-202C-1BFA2367B05A,Vanuatu,Vegetables,14/02/2018,9654,154.06
042EA19C-F104-4A69-3897-C0C856CD9AA9,Burundi,Vegetables,16/12/2017,3410,154.06
2B9EE3CE-DE8C-525C-3C88-F53F78D57CDB,Ukraine,Cosmetics,18/10/2017,8368,437.2
9A7608AD-7B08-7D41-6084-3E90D67589FA,Croatia,Beverages,29/10/2018,470,47.45
8A2E3CBD-DA5E-0569-CDF7-FDA931E5F051,Madagascar,Fruits,07/10/2017,7690,9.33
C6106723-417F-6BD2-2F5D-F0F459A5BB61,Malaysia,Snacks,07/04/2018,5033,152.58
EF9C22FB-DABC-EE76-45A0-F3AC87D41E0B,Uzbekistan,Office Supplies,13/03/2019,9535,651.21
FBD816A7-7C27-208C-0A4D-F49062745A60,Italy,Office Supplies,04/02/2019,5263,651.21
EF94C1C3-6BCF-D0CA-C169-6A67BEB236B0,Nepal,Vegetables,17/11/2017,8316,154.06
B60109D1-C498-7E91-7446-3A63F258C6EB,Fiji,Personal Care,05/11/2018,1824,81.73
F7B09F72-DC4A-B77B-FAA6-37838661FCB1,Portugal,Office Supplies,23/04/2019,949,651.21
3F73E313-3041-2247-A9CC-EB241748E45E,Panama,Cosmetics,26/11/2017,7881,437.2
D4D0CA14-D14F-ECD3-469C-87B50188D4A2,Belarus,Beverages,09/12/2018,6846,47.45
ABEBD0E8-8978-9FCF-DE51-C196700EA6BF,Botswana,Clothes,26/09/2018,9097,109.28
58684760-6F85-F7BE-7880-CAA2EF1DDF95,Tanzania,Personal Care,27/09/2017,7921,81.73
3C262CFE-3E43-62A6-42A3-354C01D1FEBB,Romania,Office Supplies,08/02/2018,3636,651.21
F68370A0-23A8-D038-0991-020FE56B2524,Mali,Cereal,19/06/2018,8590,205.7
364D6709-325A-D1A0-CE71-95CF34433653,Central African Republic,Office Supplies,08/06/2018,2163,651.21
2D44E5C5-04EE-5285-EC6B-6999F72A442E,Niger,Baby Food,17/03/2019,5766,255.28
EA1F7478-FF58-DF4A-2093-3E5C3DE16C7E,Austria,Office Supplies,14/11/2018,7841,651.21
2774CA22-C844-948A-8C47-68119495D85D,India,Fruits,11/01/2019,8862,9.33
31747F08-3337-7F50-7627-7D409EEDAAAA,Luxembourg,Baby Food,16/07/2018,6335,255.28
8975F7EE-F698-F1FF-EE38-16D4D1DD60A4,Cape Verde,Beverages,26/02/2019,9794,47.45
6FDA72DF-C4AE-72D5-9036-5E7412E9ADE9,Sweden,Vegetables,12/09/2017,5808,154.06
BC9F2503-6997-8DEC-90FC-C5DFDE86E35F,Iceland,Meat,30/12/2017,2975,421.89
004EB01A-DE2A-1FD5-E02B-47FF922C23A1,Qatar,Personal Care,25/11/2018,6925,81.73
C46F111A-E979-FE17-3238-ED6016DB7172,South Sudan,Meat,05/10/2018,5319,421.89
C9FE1D78-5B7C-0475-F718-E9C76014BC49,United Kingdom,Office Supplies,14/01/2019,2850,651.21
3269434F-8121-07FA-F404-C77D488456E0,Tunisia ,Cereal,07/02/2019,6241,205.7
344C8C39-6B85-FB4A-0BF8-12D12303E5D6,United States of America,Office Supplies,21/12/2017,9247,651.21
96E066FF-3099-4243-839D-BDF913EF2986,Liberia,Cereal,21/09/2018,7653,205.7
974CE68B-0031-6991-A14A-014A2D5FB019,Eritrea,Snacks,26/08/2018,4279,152.58
B2875321-CF29-9651-E9E3-44879104B9B8,South Korea,Fruits,20/02/2018,3972,9.33
4BF153D8-F992-8004-F6BC-B951907E247C,Kenya,Clothes,22/06/2019,8611,109.28
36FE997B-A720-F4B7-4F65-A0B14B97FC83,Rwanda,Snacks,10/06/2019,2109,152.58
97DBB645-5452-F374-2A46-DCDB20D56ABE,Cuba,Beverages,24/12/2017,5408,47.45
B1A3A376-4A95-FA79-C8CD-87FEE8873549,Libya,Cereal,30/10/2017,1480,205.7
27BA0A37-A9AE-EABB-8D7D-077A3FD8F371,Czech Republic,Snacks,21/06/2018,332,152.58
3623AD9F-5594-92E7-7282-7C10BB95F111,Montenegro,Beverages,16/03/2019,3999,47.45
3A72667D-9E3D-3479-1ED7-1F02FC294E51,Montenegro,Clothes,22/01/2019,1549,109.28
F071D140-308E-3A98-9CC6-7494983CA22D,Philippines,Baby Food,14/09/2017,4079,255.28
A29861DB-8EB2-6B80-C6D8-D2BD840E9EE8,El Salvador,Clothes,26/09/2017,9721,109.28
03FF52AB-61E1-CF55-94ED-27C79B780642,Tonga,Household,04/06/2019,8635,668.27
8DD8177C-F1D8-A2B4-CA14-3F1D7D4BC952,Democratic Republic of the Congo,Personal Care,01/10/2017,8014,81.73
6B3DF40A-5574-929D-4BF1-B7795EAB11F3,Afghanistan,Cereal,24/06/2019,7081,205.7
87303EE1-8166-FE14-C274-AE760758F364,Tuvalu,Snacks,05/06/2018,2091,152.58
D41CDFBF-102C-A522-718C-BD4F5F4060D9,Sudan,Fruits,09/09/2019,1331,9.33
BEAF8D08-E87E-7BEC-2601-D0F0BBADA0B6,Niger,Clothes,06/07/2019,117,109.28
DEF678D8-39A2-FE1D-F997-02DAFA15287B,Gabon,Household,24/01/2018,5798,668.27
9D61466F-705B-4513-0670-7282B1B25B5C,East Timor,Vegetables,13/04/2019,2755,154.06
09A3979E-B502-7A7D-34B6-417FD71C913E,United States of America,Clothes,21/05/2019,7398,109.28
21D377D7-A6AE-973B-0BEA-8BA43F8EC100,Jordan,Vegetables,26/04/2019,3170,154.06
3595E050-2EBC-AF37-6A83-ABF334E5D2FC,Cyprus,Snacks,11/10/2018,5544,152.58
7CA19700-C5EA-72DB-AF8B-BCF1A6F3EC83,Malawi,Vegetables,05/06/2018,7025,154.06
5B20D3C6-38AA-87FD-CB70-AC60B6C0043C,Iceland,Personal Care,23/10/2017,2149,81.73
3F1380B6-43D3-F52B-33E8-739702369DAC,Israel,Personal Care,26/04/2019,2484,81.73
F7B6AFD3-656F-97C3-8326-AB0A17CFC319,United Arab Emirates,Snacks,02/02/2018,1629,152.58
B28ED59D-8F66-698F-0E43-3359798BFB71,China,Cosmetics,21/10/2018,213,437.2
94DC9E8F-0C70-260F-1196-9D427D5C4D66,Kenya,Beverages,30/05/2019,897,47.45
DE66AE05-B40F-E675-34DB-39C288B7C565,Somalia,Clothes,18/09/2018,3374,109.28
C912CF3F-5A01-81A1-A37D-8DB09B6802E3,Tonga,Beverages,04/11/2018,9367,47.45
3BB829A3-37C5-C30B-2155-3EE366A4C20F,Bangladesh,Baby Food,12/11/2018,7632,255.28
0A1B373A-C9D5-49FE-D62F-D0E6940E3446,Egypt,Beverages,21/07/2019,8954,47.45
A5AA3399-C06B-371D-988A-D105DFB7D986,Eritrea,Cereal,25/07/2018,1150,205.7
D7B2C512-D4CA-F1A9-D608-13540E8F4697,Swaziland,Office Supplies,22/02/2019,4071,651.21
80EE9D88-6AC4-5B39-38A5-759CF77BF7C7,Vietnam,Baby Food,23/12/2018,4594,255.28
9FED401E-EC9D-A527-9E32-881A0F2B6CCC,Marshall Islands,Snacks,19/07/2018,1632,152.58
2F6DE3CD-6C4C-A1CF-BA80-EA9A2997F316,Taiwan,Household,24/11/2017,1127,668.27
7CC531F8-80AB-19E7-AAA6-843156335962,Ireland,Vegetables,01/06/2018,1052,154.06
3F5CAC53-965B-6A40-5D39-B3329CA63C1F,Rwanda,Meat,09/10/2018,6413,421.89
E52D8766-3AC9-B3EE-0DC5-EFE0FAAD646C,Sweden,Snacks,03/09/2019,4245,152.58
17D01678-C545-8DF4-0F3C-4127DB3B8962,Gabon,Snacks,08/04/2018,8615,152.58
F7DC2367-806C-88C3-C0B0-3A5E890627A6,South Africa,Baby Food,28/01/2019,5624,255.28
FCB868AC-87D6-FC05-E6C0-35660C4DE877,United Kingdom,Clothes,18/02/2019,8399,109.28
33D24241-5237-41A6-2E49-A695D747D04A,Albania,Fruits,21/04/2019,2104,9.33
6C9B6A2F-A13A-E067-0EB3-F087851A8CFA,Malaysia,Snacks,01/01/2018,8929,152.58
FFB8B6FF-DC21-DF8D-0468-31AB553CDC13,Ghana,Household,02/01/2019,3098,668.27
B87C02C3-4284-3A11-782E-E34316EB4595,Cuba,Clothes,17/08/2019,5867,109.28
B55D2E0E-06E4-0B04-CF4A-5BEB8375C8BB,Saint Lucia,Cosmetics,06/04/2018,522,437.2
571A5368-F3DD-A594-FF6F-BF3A6E5A00CE,Romania,Snacks,15/06/2019,7379,152.58
79A80FF9-9582-5417-33B0-62B85425C5DD,Portugal,Office Supplies,12/05/2019,8788,651.21
38E54732-36FD-767C-1CB6-C0880CDFAD62,Macedonia,Beverages,13/10/2018,4129,47.45
7CF6279A-F64F-D190-54B9-4D167668836D,China,Beverages,17/06/2018,4811,47.45
67FBB578-E543-90FB-D3F1-A77C14B2944C,Germany,Baby Food,28/02/2018,9279,255.28
F4AF27A3-93E7-2197-0FFB-D074619786FB,Ireland,Household,19/08/2018,8006,668.27
E951B74E-EDBE-AC35-7FB4-B532ACB31AAA,Poland,Office Supplies,22/01/2019,8496,651.21
E2B99450-829B-145C-7009-C88C0377C738,Namibia,Household,08/07/2018,285,668.27
0CF935C1-DD93-0610-C8B8-7A37A264D932,Uzbekistan,Personal Care,23/01/2018,9942,81.73
AFB2FB42-B4D9-934E-7E09-6A7E573A1945,Zimbabwe,Meat,22/06/2019,6064,421.89
6563EB3A-69B9-EFAB-8792-F9DCC866A86B,Mongolia,Meat,31/10/2018,4281,421.89
0D0FC79B-2023-08CB-7BC8-5F7A554256B8,Norway,Personal Care,16/05/2019,2256,81.73
98E3428F-31AC-594E-836F-A6A1E5B255E8,Oman,Snacks,27/11/2018,4679,152.58
1357954D-60A5-C06C-2792-45106E56397A,Serbia,Cosmetics,11/04/2019,8275,437.2
CE127237-BF6F-5B74-FFEA-EE1116D8AD3D,Democratic Republic of the Congo,Fruits,25/08/2019,6798,9.33
B0B1F07C-E455-6A8F-1BF8-22C116AF562B,Bulgaria,Baby Food,24/10/2017,6035,255.28
64FE8511-9E12-6E31-5978-B70FB1E2F5E7,Brunei,Baby Food,08/04/2019,8803,255.28
FD58B6F3-8769-2A39-3FC7-84DA38510C9F,Serbia,Snacks,29/06/2019,9951,152.58
0A354549-6280-D399-3C58-21CFB468F074,Ghana,Cereal,29/09/2018,1358,205.7
2BC47A8E-4104-D948-C62F-78B4C4B151B5,Malawi,Cereal,14/08/2019,6936,205.7
A8424AF0-968A-790B-3569-AB7CEF1ABCB2,Zimbabwe,Fruits,13/07/2019,7627,9.33
DBF64D88-7507-7871-B730-7D8B488B3BF3,Cyprus,Snacks,31/03/2018,6405,152.58
FA443FCF-6EA2-8B35-995B-4F4A64712267,Nicaragua,Cereal,27/10/2017,3274,205.7
BA6D4D9B-92A6-4BA2-2CB4-3E74283B145D,Estonia,Baby Food,28/07/2019,271,255.28
D911C14E-043E-D253-3B36-0D9B9BC01EAA,Estonia,Clothes,24/09/2017,6463,109.28
02741D42-B434-4F97-D2F6-231D5F15B56B,Lithuania,Fruits,28/12/2018,2949,9.33
5CA8CA5F-BB96-0FC9-2597-58DEE2D0BF86,Republic of the Congo,Meat,07/02/2019,7859,421.89
5A8D9654-1AFF-FF79-E5A8-E2C6C083E35D,Czech Republic,Baby Food,13/10/2017,1353,255.28
70A8C778-79CA-532D-BC0A-13F05F231B86,Cameroon,Snacks,13/05/2018,624,152.58
2111CE83-4008-D902-2663-A844B0B88E33,Vietnam,Office Supplies,13/02/2018,4897,651.21
04C6B310-72E4-BC88-2C41-C248BB392454,Moldova ,Meat,28/11/2017,424,421.89
386A5CCD-3344-2238-D3EF-E59615C0571F,Bahrain,Office Supplies,07/03/2018,5494,651.21
8F095A4D-FEC0-B106-6B9D-01231FDCBC0B,Hungary,Household,11/04/2018,5423,668.27
DF238DA3-5DFA-C593-ABC6-D6F7430072EB,Marshall Islands,Personal Care,15/06/2018,7559,81.73
A63E487F-67F1-B665-BB6D-6C142E713D9E,Iraq,Office Supplies,28/09/2017,6283,651.21
CD95E107-6272-E2DA-30C2-12411274C833,Albania,Vegetables,27/11/2017,8006,154.06
986AE332-3E15-00D5-B96D-63C5E6B9BF84,Lesotho,Office Supplies,26/01/2018,6170,651.21
59766F7E-EA25-C3DC-3E02-8B58E096283F,Lebanon,Clothes,01/08/2019,6249,109.28
10C622ED-54DC-30D0-B98A-900292229E4B,Hungary,Vegetables,05/12/2017,748,154.06
4609C0AE-16D4-D8A6-3D27-9424EAE4AA01,Japan,Beverages,07/03/2019,4203,47.45
EB04E577-0067-E84D-092D-243BD1E5A4EA,Georgia,Office Supplies,30/05/2019,8180,651.21
008E8F9F-1940-E577-E573-EAB2BFAF6D9B,Estonia,Office Supplies,15/11/2018,6280,651.21
879123C0-C2EF-1667-1CEE-AAC2459AC0D0,Luxembourg,Household,19/09/2018,9131,668.27
6794A57C-F9ED-B476-71B9-0A1CC0FF1048,Swaziland,Personal Care,29/01/2018,9396,81.73
4F601B5C-BFAE-B646-7279-C62F4377270C,Romania,Clothes,20/07/2018,6765,109.28
C2CD97B3-644D-7BB9-4901-F191916A4103,Ethiopia,Personal Care,12/09/2017,2964,81.73
8AB30BAD-C13E-3E7D-D73B-ED51CC74D725,Chad,Office Supplies,09/10/2017,6746,651.21
654933DC-9EA6-BA93-C952-5307E7347FFE,Morocco,Office Supplies,11/05/2018,8898,651.21
95C53724-8D43-0D4B-C40D-41157E75AF5E,Mexico,Clothes,05/09/2018,7237,109.28
BD08951E-8558-438D-CB45-741EAA44FF5F,Nigeria,Personal Care,23/03/2019,1612,81.73
9FEF46F3-3100-FEF0-1DC3-78FF2FC9E8D1,Trinidad and Tobago,Beverages,17/11/2017,8904,47.45
03D8C14F-23A6-50C5-7771-B9E951331B51,Moldova ,Personal Care,04/04/2018,8022,81.73
234D61B3-4EB6-5BBC-1566-C64E09C05EBA,Solomon Islands,Personal Care,01/07/2019,4909,81.73
F7E9B232-1A49-7B96-658B-19BC824278D2,India,Personal Care,10/07/2018,7539,81.73
83ECE793-F7B9-3383-376E-23714AD8898B,Burkina Faso,Office Supplies,15/01/2019,917,651.21
5FE07CA5-6DED-7A2E-2195-AC2475F1C614,Kiribati,Meat,09/03/2019,2079,421.89
0756E003-3DD5-EBA8-F65B-C34016E91350,Israel,Meat,26/11/2017,5093,421.89
BD6B8BA7-858F-822B-2E02-45D8CBA6E5AA,Comoros,Snacks,06/03/2018,6056,152.58
7A39E7C5-DDA2-AFCF-F665-EF91226CB918,Iran,Baby Food,11/10/2017,8099,255.28
F2133AD9-5DBB-3DD7-F48F-40C68546F8B4,Vietnam,Cosmetics,04/02/2018,6384,437.2
59E32EDB-DBF8-FBE2-A844-DDD86CC89492,Belize,Household,16/10/2018,3101,668.27
0C332EF4-0154-CFD4-F38E-D726E48C028B,Belarus,Personal Care,24/10/2018,2476,81.73
5A28199A-C6BA-AA98-FD02-0E0DF16A50CE,United States of America,Baby Food,17/09/2018,5763,255.28
033D6859-C84F-DDA6-1898-74565ABC4C87,Poland,Beverages,31/12/2018,6247,47.45
2A8530E9-B1DA-F600-3735-3243377F8E3D,Canada,Vegetables,18/05/2018,4247,154.06
B74139AE-3F61-FBB0-FD13-0FF764C31756,Israel,Beverages,28/04/2018,2111,47.45
F1B938CD-ED18-1B7F-23FD-0E3E2D452A5E,Lebanon,Household,01/04/2018,9219,668.27
FF769AF0-C888-6901-4E9F-9DD25D31F526,Andorra,Baby Food,17/11/2018,6982,255.28
A303BC04-9625-405B-438A-B8499905846E,Slovakia,Clothes,14/12/2017,3843,109.28
E5E0DEF8-ECB6-B488-4533-00770A151BD9,Liberia,Fruits,27/11/2018,274,9.33
F22FC3AF-9756-A9F6-077B-8400EC1BA241,Antigua and Barbuda ,Cereal,21/04/2018,3782,205.7
E5E3165B-EC2E-7884-7443-DD8DEA485197,China,Personal Care,23/10/2018,3901,81.73
FC7E59C8-3AFC-4160-9D3B-C15E25BD9486,Niger,Baby Food,20/09/2018,7200,255.28
0124D8A6-E257-B3BA-8250-03CB056B85DD,United Kingdom,Household,14/12/2017,2278,668.27
EE268C89-8BF4-89E5-D518-812B83553FE7,Bangladesh,Personal Care,10/12/2017,4763,81.73
F660186D-D1C4-59F4-F4A0-0F53A052A211,Myanmar,Snacks,14/07/2019,2317,152.58
5B1B5BCA-5B71-5D18-62A1-452FBA81B830,Tonga,Meat,21/01/2018,9633,421.89
453B8D1C-5FA9-F88A-1649-71B647DE54BC,Guinea-Bissau,Vegetables,22/01/2019,3434,154.06
C0E49AFA-CA4A-3835-F72D-EF7C0398612E,Nauru,Vegetables,04/10/2018,7475,154.06
E4DBAF1E-CF28-F141-6354-736DE86D863C,Swaziland,Cereal,31/08/2019,7542,205.7
BEE79315-6641-3B7E-F9E9-08EE9349E7A4,Finland,Vegetables,16/02/2019,6452,154.06
6C475ECB-42C7-3BA2-A92D-9140F23DF3B6,Papua New Guinea,Household,14/07/2019,9055,668.27
C39774DA-191E-DAB5-C668-A7060F8701D6,Mauritius ,Personal Care,19/01/2018,7230,81.73
C6475951-9722-3B2D-0D5B-63D4E0149A17,Mozambique,Office Supplies,05/05/2019,4888,651.21
B6604E5E-7463-D2C4-43AF-7EE921919924,Bulgaria,Clothes,08/01/2018,2972,109.28
A45BAAE2-8A99-AF21-3D80-2D1BF37A39FE,Spain,Household,23/08/2019,4455,668.27
B14D2540-9924-FE7C-A56F-1D4D9964969F,Vanuatu,Meat,12/01/2018,9341,421.89
63613D70-F207-FB57-4CA1-07856EAF7C3F,Belgium,Fruits,04/04/2018,9669,9.33
DD5B1519-897A-1F80-E374-3BB0DCEBDC7C,Belgium,Baby Food,12/09/2017,4503,255.28
6470BB27-34A0-965E-FBDC-3525CDC6F9C7,Guinea-Bissau,Clothes,05/03/2018,4944,109.28
A6B0EBCD-52F2-6802-34E8-23BC96686BCD,Togo,Vegetables,21/04/2019,9121,154.06
B39B4242-5953-9365-CCC1-CF169E5A560D,Cote d'Ivoire,Personal Care,03/04/2018,7196,81.73
73A6576D-FCAE-7F62-DB17-E2D85EB87D8B,Republic of the Congo,Fruits,14/11/2018,6360,9.33
5DDDE288-B539-FE7A-CDD5-AC8E3B06CB5C,Libya,Baby Food,07/08/2019,5837,255.28
AC445E45-0204-0D14-3ED9-B351352DF446,East Timor,Vegetables,03/03/2018,1882,154.06
7261DA81-B9C4-A3A0-5034-267CF650CD53,Switzerland,Clothes,11/12/2017,2782,109.28
2F6FE705-9493-E0CC-6A72-514D41D939EB,Palau,Snacks,27/10/2017,3853,152.58
B908818E-5FBB-5C7E-7648-95493DB49927,Jordan,Household,13/12/2017,2445,668.27
BAC0DC86-D6A0-463A-7D2B-0E34915067CE,Slovenia,Household,28/10/2017,2936,668.27
B99568C7-6445-D114-EDEF-026E13A05B9E,South Korea,Baby Food,25/04/2019,1739,255.28
68C153C2-4D61-5525-EB36-19DC4CBD84F4,Norway,Clothes,17/04/2019,2296,109.28
8F72966C-3C52-5339-9B16-CC11168268B9,Afghanistan,Baby Food,11/01/2019,80,255.28
7B6D86F5-0367-A49E-477F-B4CFD23254CE,Bangladesh,Personal Care,08/09/2018,7597,81.73
3FEA6E17-68ED-A7C1-103A-7A4ED00547CF,Guinea,Meat,22/03/2019,9381,421.89
296012DB-4AD8-F990-BCAF-70DCBC681DBF,Cuba,Office Supplies,05/07/2018,7002,651.21
2FDE9D2E-A40D-185C-07E1-17721BB401AA,Russia,Cosmetics,31/05/2019,4056,437.2
D13557B5-6128-FC3C-9F12-3127F90F00F5,Seychelles ,Vegetables,14/07/2018,1175,154.06
F41CD036-57CA-68A5-FA5F-83774822A878,South Korea,Office Supplies,30/10/2018,1020,651.21
8570DB9D-0478-D848-FF0F-92513FD6F0D5,Ghana,Baby Food,14/10/2017,3282,255.28
B50C08DD-5904-3745-B57F-1202513B92B3,Costa Rica,Office Supplies,26/12/2018,9685,651.21
E3832063-17FD-4A95-76DC-3B7B34ACDFE5,Romania,Cereal,06/07/2018,8985,205.7
8D0A7F9E-C90D-B1D6-92E0-0DF142AD3616,Czech Republic,Cereal,19/07/2018,1967,205.7
DEC317EB-BC67-C6B7-6C71-4D825314D82A,Liechtenstein,Household,17/02/2018,6449,668.27
B821F0A3-76DB-94B6-2A65-CD9C31842ACB,Seychelles ,Baby Food,20/05/2018,2279,255.28
20AF79D9-1A40-E7D4-12AE-AA8CEECF8C4B,Somalia,Baby Food,30/07/2018,6338,255.28
70E3283A-E778-5C6A-FECC-F1703C216866,Solomon Islands,Personal Care,19/10/2017,7536,81.73
9687E7A0-F60E-DA23-6264-9342A57594AB,Uganda,Clothes,14/05/2019,1816,109.28
93B39621-CD6E-B161-FAE8-202F7D74DD29,Equatorial Guinea,Cereal,02/08/2018,7151,205.7
AC7E576E-2C3C-6F68-692B-DCE2212B3F70,Costa Rica,Office Supplies,26/07/2018,8547,651.21
CB81DE93-EE2C-3FE9-D97E-346CF2D50659,Moldova ,Fruits,07/10/2018,3039,9.33
CFA61A87-4FE7-3F06-18AE-87B750786125,Burkina Faso,Vegetables,15/06/2019,4695,154.06
39154FE5-121A-741E-2AC5-9AB4136B5C1E,Guatemala,Beverages,11/03/2019,9614,47.45
689A714E-18C5-A948-42CC-8B2ABCEB2DB1,Swaziland,Meat,24/10/2018,924,421.89
00DAE152-61FD-8F34-3638-8316F7876149,Maldives,Vegetables,30/08/2018,3789,154.06
32D00CE1-8145-D835-CD32-E043087529F6,Thailand,Household,04/07/2018,399,668.27
CB0AEDC4-0762-2A59-D4FA-5D52A29E7EDF,Sudan,Household,07/09/2019,4979,668.27
9A3FFBDC-10ED-334F-747F-DE42A7766278,Costa Rica,Meat,13/12/2018,8783,421.89
DAF09348-5C39-207B-AC25-FFE85395AB9B,Denmark,Beverages,13/05/2019,5098,47.45
17B4C0C8-5ACA-75CB-17F0-5E6249DB5989,Angola,Cereal,01/11/2017,4240,205.7
4449426E-1969-F2C2-AE11-C6804A3F0498,Papua New Guinea,Household,12/11/2017,8559,668.27
B0FCD4B0-D0D9-2F6E-8E74-2FE5BD6A9CA1,North Korea,Meat,19/03/2019,7435,421.89
B6DA1EE4-DBE2-4B7A-BE0A-D75CBB405A14,El Salvador,Fruits,08/12/2018,2278,9.33
0D10E13F-14D5-8F0B-B292-992148F9751E,Burkina Faso,Household,30/04/2019,1531,668.27
F94C98B7-79F3-F231-25F8-02A27CA1CD62,Yemen,Baby Food,07/12/2017,5668,255.28
DBDADE12-A99A-7050-2409-DE566BE96316,Republic of the Congo,Beverages,09/07/2019,2193,47.45
0A36AAAE-2715-F353-56AB-5F125EC979F3,Andorra,Household,06/05/2019,642,668.27
A0B10FC0-6B4B-CE5F-7185-4E62EAC4A56E,Dominican Republic,Household,06/09/2018,7584,668.27
0C0823E6-B628-5FC8-5D92-E0ECA7A116E6,Israel,Baby Food,21/02/2019,1616,255.28
28FA99F6-F954-2C23-52BB-76D9AB858364,Solomon Islands,Snacks,01/03/2018,8369,152.58
E009EDCE-A35E-06A4-5E40-813299E10B2A,Liberia,Fruits,21/08/2018,5503,9.33
81BA1D73-AB88-44EB-C1DA-CD35CFD80F66,Mali,Vegetables,24/02/2019,7712,154.06
66F485DF-C74B-E142-C6F0-FBBF9007D9A2,Uzbekistan,Clothes,01/01/2018,1718,109.28
8878886D-7FFE-1E89-F846-26D7AB573EF6,Tunisia ,Personal Care,24/07/2019,1276,81.73
5BDAC828-A7ED-0921-6154-A9ADA5E325D9,Vatican City,Vegetables,28/11/2018,2173,154.06
41FC6E0E-63BA-BDB7-1D81-5C9B931051A6,Djibouti,Snacks,04/09/2018,7227,152.58
2F05E10A-75FF-9C0B-5EE3-8D21D3AFA305,Ukraine,Household,10/12/2018,1285,668.27
520EAFDA-9FA2-6F82-2C1B-D2322DB02036,East Timor,Fruits,10/10/2018,6227,9.33
5AF8E854-E3A4-2E53-CD1D-E80F80C2910C,Uganda,Cereal,02/01/2018,5965,205.7
CB21EBF6-C164-7DB1-E66C-EC0B51D3FB56,Guinea,Meat,08/03/2018,1441,421.89
D7EC4A3F-973F-5426-86F3-D4E55EAD3B22,Equatorial Guinea,Clothes,18/04/2018,5629,109.28
78947E4A-3933-0C95-1420-851AEFE43953,Malta,Cosmetics,20/06/2018,8534,437.2
512CBA9B-EFB7-464A-8147-89340616013D,Cyprus,Household,10/05/2019,2191,668.27
E19CA3DF-2989-9CEA-0DC4-046212F5A874,Czech Republic,Office Supplies,17/02/2018,5668,651.21
E88DF2F9-3E71-0ACF-B52A-C81E37FFA920,Libya,Vegetables,25/04/2019,64,154.06
8B8C764E-EC1F-50CB-7AE1-C8D3AECB1DEF,Vietnam,Office Supplies,11/09/2017,3509,651.21
89ED5146-B270-2B81-824D-E714F7F8FAB8,Jordan,Vegetables,05/09/2019,6163,154.06
93873777-AF32-42C9-4F08-8A06C4414477,Mali,Beverages,21/08/2019,5220,47.45
CDAB2DF3-5CF1-90DF-8E5C-7787B2CB620F,Czech Republic,Household,05/04/2019,9902,668.27
F5C0C767-3516-64AA-CDD3-41810C803EA2,Slovakia,Vegetables,16/02/2018,6465,154.06
E4A0A06B-7DE2-C420-9505-5618DB9030E6,Zimbabwe,Vegetables,22/09/2017,3195,154.06
474124BB-B66B-3CF8-29BC-FFC59702FEBF,Honduras,Cereal,17/06/2018,5409,205.7
050D2E0E-466D-F78C-601D-F601B7D17FF7,Switzerland,Beverages,28/06/2018,455,47.45
1C294640-547A-0D3C-0BBF-99EBC0691F7E,South Africa,Cosmetics,02/09/2018,2715,437.2
E49BB695-58E4-5532-CC97-18552DC799F2,Uganda,Beverages,17/02/2018,8598,47.45
51C5DF88-7101-BC2D-ACFE-A766359539A8,Iran,Vegetables,13/03/2019,1547,154.06
D3DE9567-B527-0DBE-6D8F-09AB1FF65C30,Algeria,Vegetables,05/11/2017,7036,154.06
95375D45-220E-2A72-69D9-AF8F6BED4FFA,Central African Republic,Baby Food,15/01/2018,7570,255.28
8F61660E-06F0-426A-F458-F567DF2C5E96,The Bahamas,Cosmetics,04/03/2019,7685,437.2
39585E2E-EE87-19AB-89E3-1A42355CA22E,South Africa,Household,09/02/2019,8948,668.27
093206AA-FAE4-408F-A6CC-D3446A495CE8,Benin,Cereal,06/12/2017,4957,205.7
80D3096B-6926-7B88-F7DD-01452470E9A1,Hungary,Cosmetics,04/05/2018,6344,437.2
7A412C2C-75EC-0706-2BD2-9B51C0C1C6FC,Austria,Office Supplies,26/06/2019,5768,651.21
4A8CA48C-16D8-65EB-AEF3-5A82128630AB,Tajikistan,Office Supplies,28/02/2018,2923,651.21
89D133C5-DD97-002A-50E5-6F50FCC0FD0E,Portugal,Office Supplies,28/03/2019,9532,651.21
C07D54A5-85FC-498D-469B-71D39A4BDC3C,Belgium,Beverages,14/06/2019,4349,47.45
37D0A11B-E812-B7F8-A486-AB0B632AB3F0,Slovenia,Beverages,28/11/2018,8161,47.45
773DA4E7-F4BC-3893-6C2B-39BAB54A3A84,Czech Republic,Snacks,01/10/2018,8786,152.58
CF831A06-E799-3121-CFE6-A2DFE9BFDE96,Marshall Islands,Personal Care,15/06/2019,6071,81.73
47C53EC1-9CBC-E456-06A2-4E5ED8F8773B,Sudan,Fruits,07/08/2018,6897,9.33
446F5391-3654-92AA-4E38-83CB4F7932A4,Dominican Republic,Clothes,30/10/2017,175,109.28
AEB35DB4-29A5-D5BC-E778-228368DA3548,Tanzania,Cereal,15/03/2019,1848,205.7
A04E270D-5038-AB20-0DD6-7C2046357999,Switzerland,Clothes,03/04/2019,9888,109.28
DF0B5A59-97EE-6D5F-86F4-06B72F14DFB5,Greenland,Household,11/10/2018,9302,668.27
050D7816-0D47-D975-6A91-07C34D728330,Tonga,Fruits,09/11/2017,7124,9.33
D8F0C2BB-2D34-81A8-2574-EA4317E376BE,Saudi Arabia,Vegetables,09/12/2018,7422,154.06
9BC18478-4893-2A6A-D976-6BAC48973458,Belize,Cosmetics,11/10/2017,6296,437.2
438DABEE-182B-F2C7-B70F-17C372D00A43,Angola,Cosmetics,13/04/2018,6874,437.2
979411E1-B018-8759-4E41-E31374238338,Malaysia,Household,29/05/2019,4319,668.27
0FB51CB7-52A9-9C29-A303-CD34C204C4D4,Ethiopia,Beverages,09/06/2019,822,47.45
BD772EE2-C52E-2D50-6EA4-5D4391B75D2D,Greenland,Baby Food,20/04/2019,607,255.28
DB6AE1DB-449D-D4A2-5EE8-8FEAE462C442,Benin,Cereal,06/01/2019,4928,205.7
63945C33-7538-509E-5D97-27C941589D46,Yemen,Cereal,02/06/2019,7073,205.7
DDA1EB79-853A-7F5C-F892-A3267F29F384,Rwanda,Baby Food,12/03/2018,7358,255.28
06F39185-A87D-AEF4-4DA6-A72D525DE454,Mauritania,Meat,14/08/2019,8132,421.89
9EFCD837-BA91-1385-8976-7BB34A1AA6F6,New Zealand,Personal Care,07/05/2018,8775,81.73
68741512-5884-E384-38DF-8F76EC885AD1,Samoa ,Clothes,26/07/2018,699,109.28
B5D2CFD1-D5EF-26B1-EACD-5A405EBD53BF,Fiji,Clothes,09/04/2018,2344,109.28
81A7A2A3-E455-AACD-C65F-6B3AB85D2F56,Malawi,Beverages,06/10/2018,4186,47.45
424353F6-9528-EDC4-0E12-09CBB2FD1D8C,Marshall Islands,Beverages,16/12/2017,3729,47.45
17C15A8C-830A-C014-F1CA-7FCF030D931F,Grenada,Baby Food,10/06/2018,508,255.28
89495934-C741-6274-A7A5-79B271E1A504,Luxembourg,Meat,08/04/2018,1093,421.89
7C5A04B7-CCAC-AD69-4A77-2ED4E1DBB049,Zimbabwe,Meat,02/02/2018,4080,421.89
D7F92D8E-2426-0096-7576-5B4C07395803,China,Vegetables,25/09/2017,5100,154.06
B2CCE2BE-777F-42E9-B6FF-6D89964E0B13,United States of America,Beverages,19/02/2018,1815,47.45
BD9BFA9A-3F88-9A9E-F3CB-147283F65700,Central African Republic,Vegetables,06/01/2019,8916,154.06
5F5C93CB-9724-E55F-70D6-89F3CDD52BF3,Antigua and Barbuda ,Vegetables,22/10/2018,3127,154.06
CF8927FA-7940-B515-1E4C-1CFB2A328E52,Guatemala,Baby Food,31/10/2018,8203,255.28
830E1437-A00F-212F-C0B2-56FDE495821A,Qatar,Clothes,08/02/2018,9930,109.28
4C87CF68-9B5C-7BBD-72EB-71852ACC5248,Israel,Personal Care,03/10/2017,1126,81.73
0E231D3B-6134-0C68-BAD1-CDBBF030FD53,Thailand,Snacks,03/01/2018,6639,152.58
A4688A5C-55AB-A1AD-A24C-984D396DC188,Singapore,Cereal,25/07/2019,8349,205.7
C488B66C-823C-2567-E6B7-BB0AAF15BC66,North Korea,Snacks,07/11/2018,167,152.58
5F3C2437-E7F1-2AFA-8723-299ED5045F4F,Austria,Office Supplies,27/06/2019,3036,651.21
15FB38B4-B191-9073-EED1-EC93726BC6B6,Japan,Baby Food,02/05/2019,9929,255.28
15722C6A-E868-4C64-691C-486F3C302010,Zimbabwe,Beverages,09/03/2019,851,47.45
3F8F917C-AF97-4F25-3323-A70A7A5DEB2F,Lithuania,Fruits,01/06/2018,7838,9.33
D898B61B-5CB3-D00A-6E9D-FFD63705460B,Luxembourg,Baby Food,10/01/2019,9958,255.28
AD343BE9-59B1-BE92-927E-EAF7882E47A7,Central African Republic,Cosmetics,06/04/2018,8309,437.2
228E62ED-8684-CA99-6492-2970D75B9810,Norway,Household,11/01/2018,1021,668.27
D41F60BA-3401-D18D-1D22-0E15DEF20334,Democratic Republic of the Congo,Fruits,01/03/2018,8256,9.33
EE561A67-855D-FB77-E7F0-6CBDD39AAD41,New Zealand,Household,21/01/2019,7205,668.27
930724A5-C498-7972-900D-4EB00369803A,Ukraine,Personal Care,21/03/2018,7092,81.73
3A570352-8316-C435-F2C3-4BF725B05363,Taiwan,Personal Care,20/12/2018,4173,81.73
8B8C35E1-3359-2389-0C9E-741DC5DF4A36,Italy,Cereal,09/02/2019,6733,205.7
2A6DAD49-89F6-128B-0FEB-F262619BC7D1,Finland,Personal Care,27/09/2018,89,81.73
A417B2B0-ED09-8C17-2442-4F863252297E,Sudan,Office Supplies,25/10/2018,1591,651.21
8BC85C7C-F553-0528-A68E-8E13E8893ED0,Croatia,Snacks,06/11/2017,5618,152.58
3CC6F62B-8387-40AD-AD17-46970B1317F1,Mauritania,Beverages,15/11/2017,8581,47.45
7DA1BE83-70F7-2EAD-2164-4616EBC5C44D,New Zealand,Baby Food,01/06/2018,3923,255.28
76E0BD0A-A122-A90D-ACB6-080BF20994E1,Pakistan,Beverages,17/12/2018,7117,47.45
52171817-82B0-1EF9-61E2-B812FC827582,Poland,Household,15/03/2018,668,668.27
20D5F377-0611-7FA5-9E3C-F31D90E54FA7,Lithuania,Cereal,20/03/2018,9113,205.7
DC6F520A-0786-B628-E60F-7629AEB298AC,Pakistan,Cereal,23/04/2018,4019,205.7
B15522A2-0041-E521-1165-1021ABA8D743,East Timor,Cosmetics,28/08/2019,8984,437.2
E7DBFC4E-A841-B87D-050F-4BF3BB968214,Marshall Islands,Fruits,14/10/2017,4638,9.33
17418E8F-D562-9D01-7D7F-90C032315342,Cuba,Household,03/08/2019,3642,668.27
44A0FB07-D9CD-377A-D923-7651C0F9F349,Greenland,Baby Food,25/08/2018,5689,255.28
452B21C5-64DB-93FD-3FDA-924CE66F433F,Luxembourg,Personal Care,31/03/2018,2503,81.73
8C72BBB3-9489-17E6-389F-3E7FC93B9327,Israel,Beverages,04/01/2018,2838,47.45
BCA4C847-2FE3-3F2F-0BBF-CC2E333986C8,Djibouti,Baby Food,01/06/2019,7480,255.28
125CBA40-F248-0BB1-CAA3-E05D792FE873,Bulgaria,Cereal,23/02/2019,4247,205.7
A24B983C-1A18-581A-8D4F-14C74382FA4F,Mongolia,Vegetables,19/11/2018,2988,154.06
93031ABC-9FD5-A59B-A491-7750E84FB0A8,Dominican Republic,Clothes,31/01/2018,582,109.28
8CC36084-B200-4C00-E1C1-51ACB9DC4413,Yemen,Cosmetics,20/11/2018,5940,437.2
E22425E6-328E-CF5F-2277-EAD63F23DED0,Federated States of Micronesia,Personal Care,05/10/2017,5005,81.73
7B02D451-67AA-0D25-EB66-78D6D6FAD962,Finland,Personal Care,24/01/2019,5751,81.73
0A16F588-6698-C535-DB43-40D6DD67AB03,The Bahamas,Cereal,08/06/2018,3181,205.7
E25113A3-8107-45D0-C17B-C93E84EA3667,Grenada,Meat,25/03/2018,4334,421.89
F2B3E9D1-BB91-EBD8-F3F9-0A9A59344857,Sao Tome and Principe,Meat,03/03/2019,3275,421.89
143CADFA-C7B9-BCBF-8A02-C06CD1C74E64,El Salvador,Personal Care,17/06/2019,6103,81.73
81EFD1B8-9341-7E49-3BD8-69927059BCF3,Sweden,Baby Food,16/06/2018,5949,255.28
04F3052B-E7AC-9AD4-5C5B-677FCE507FD8,Turkmenistan,Cosmetics,21/03/2019,7974,437.2
1185FA9F-F855-F4D3-3CAC-3BD3FC71F84A,Monaco,Vegetables,22/10/2018,4369,154.06
AB8A3159-5F16-20F6-1927-82C71BD31A4C,Turkey,Meat,28/01/2019,9359,421.89
251AAFAC-8B2A-5591-D73D-E8A518420367,Mozambique,Beverages,13/11/2018,4199,47.45
79729E9F-EA80-D4B2-E322-47EC35F82559,Yemen,Office Supplies,28/12/2018,2173,651.21
79CD27E6-3C20-0C54-188A-525D14BFDDA4,Philippines,Cereal,26/01/2018,3601,205.7
E62C5393-77D5-CD6D-ED37-AD59EB5DDB51,Democratic Republic of the Congo,Personal Care,14/09/2017,830,81.73
C7307189-66C3-1741-7448-4337F8BE0B19,Fiji,Snacks,26/09/2017,3241,152.58
5F61661C-8DE8-D46D-EBBF-4BA324DF08BF,Macedonia,Office Supplies,04/10/2018,2244,651.21
60BADBB7-C496-D203-D7CC-C10CF1DC9721,Tunisia ,Cereal,10/03/2019,6283,205.7
3E183F79-6E1A-ECD1-F685-3E4B57EA47E5,Liechtenstein,Cereal,03/04/2018,5829,205.7
9AF64E40-B38E-8984-F2F6-F4A7F2702115,Qatar,Cosmetics,20/03/2018,8390,437.2
DA2AE01B-080D-A593-98BF-F6784ECC7DDD,Tonga,Meat,18/05/2018,3499,421.89
831BE4CF-2429-7B70-825F-6865D70EEC14,Belgium,Meat,30/03/2019,7726,421.89
1BD67D55-B529-547B-9AEB-AA2279EA1DDF,Chad,Fruits,06/01/2018,9669,9.33
8C008F10-5684-AF33-EBCE-5FD1B3304A90,Thailand,Baby Food,08/04/2019,4957,255.28
07BAF761-2FDB-2018-51F1-7E9C3F5E19D1,Iceland,Clothes,19/10/2017,1251,109.28
036092BC-737C-D454-627D-BB3B40341D35,Saint Lucia,Meat,03/03/2018,3245,421.89
55AD994F-39EC-C3E7-EDEB-156CB36D8182,Japan,Cosmetics,25/04/2019,7661,437.2
CA6B03D4-BA50-11F7-ABF3-C40074DE995F,India,Personal Care,07/08/2019,8254,81.73
C81D3DCB-1A18-6CA9-0FEA-13CA8CBB5D50,Vanuatu,Office Supplies,06/02/2019,812,651.21
C5BA9D02-6C20-CE83-BDC4-736050561B4F,Chad,Meat,17/11/2017,8150,421.89
66A049E1-876C-C099-98A4-E0B56315160B,Malawi,Cosmetics,24/07/2019,5118,437.2
B25C0E79-1AF0-38CE-0E8B-EBB41B029CBE,Finland,Cosmetics,31/07/2019,3596,437.2
9EA05B8F-9A1C-40A8-1EC4-CCB9B70EDC03,Turkey,Clothes,15/06/2018,7494,109.28
B9066556-910E-2529-70BB-2E77C971C356,South Africa,Meat,26/08/2019,7755,421.89
CF55FEA4-CFD7-A351-DFE1-03C93960784D,Lithuania,Office Supplies,30/07/2018,7353,651.21
F0D0A466-00AC-9623-F2BD-5B7BB10FDA12,Russia,Beverages,22/05/2019,6293,47.45
0A855E06-4444-ABB0-DFBE-250BEC9C3B2E,The Bahamas,Baby Food,16/07/2019,6610,255.28
15801E54-3596-419F-1211-539325CA9C6B,The Bahamas,Snacks,18/09/2018,7373,152.58
0240028D-2A89-51D6-F8F9-4C36E9C66145,Turkey,Cosmetics,27/08/2018,9679,437.2
91464DFB-DB6A-3C1A-4003-04BF78B38176,Mauritius ,Cosmetics,24/05/2018,1659,437.2
36A7B176-8D34-3AD5-D675-27E7D3A1DFC6,Bulgaria,Vegetables,25/05/2018,3473,154.06
5F6F8C1F-497D-14F4-03DB-085D35C84D1C,Iran,Household,11/09/2018,2315,668.27
42E958C1-1986-84DD-AFB8-E7C8E1E26D49,Ghana,Household,27/11/2017,7408,668.27
42674027-C429-B9CE-037F-93C53CAD0F50,Malawi,Baby Food,18/08/2018,5006,255.28
C1666C2A-CFE7-53C0-7BD1-F8B4E18B5AD8,Zimbabwe,Baby Food,23/09/2017,3395,255.28
17CD9A9F-6B9A-9E17-3DF4-3D7BE63FD2F5,Tajikistan,Vegetables,29/01/2019,7894,154.06
04E3880F-6C18-10C4-B6F6-67DA9172FB71,Czech Republic,Cereal,04/02/2019,5851,205.7
1F02A2B2-C97A-7D59-6A93-F7111E8E488A,Mauritius ,Household,25/09/2018,1646,668.27
638D9950-AAFD-DAC2-6951-8C19453E61E3,Lesotho,Fruits,28/03/2019,1689,9.33
B1ADFE33-0948-9EC3-CA56-CCCE791330A4,Mali,Beverages,23/12/2017,9424,47.45
9C8EB6A1-5FB4-2E84-BF29-A5467C1DB0DF,Georgia,Personal Care,10/03/2018,323,81.73
006AA5ED-EAC7-E727-B0B5-4E4FB5496C39,Albania,Office Supplies,07/09/2018,6892,651.21
0567E414-A882-0878-9C91-99FE1E098CA1,Cyprus,Cosmetics,26/02/2018,3667,437.2
9DBA857C-81B7-DD39-BA35-0E8E9BD6DCC9,Saint Kitts and Nevis ,Household,08/12/2018,2215,668.27
3BC25F9F-F7A0-48C7-64D0-EE88FAA72CC1,Tunisia ,Meat,21/01/2018,6135,421.89
98C401E9-821D-7D65-F5E7-275AAB81E88E,Cuba,Meat,23/09/2017,6057,421.89
D04A6A0D-FB2D-416A-F4A6-C420529E041C,Kiribati,Cereal,19/11/2018,4641,205.7
298337D5-950C-C677-DA25-C7B24235D7C9,Cambodia,Snacks,26/09/2017,1581,152.58
917BF4F2-C9FE-9903-51B0-F5F847485644,Moldova ,Baby Food,26/01/2018,8600,255.28
5B1F144A-4FE2-9BA3-8186-4D64B5762C2F,Uzbekistan,Cereal,26/09/2018,4452,205.7
30ABFFD2-B69C-03A8-273D-044071362246,India,Cosmetics,06/04/2018,9924,437.2
F36F53C2-1045-97A9-2222-685ABD85C2F6,Germany,Personal Care,15/05/2018,2834,81.73
82D1F1CB-FE2C-A6B9-B441-7431B981F87B,Austria,Vegetables,05/11/2017,3030,154.06
EB035810-14D9-5B69-5997-B92AE144E0F8,Germany,Office Supplies,10/01/2018,7391,651.21
378DE7BF-84D4-1C55-C02A-C1CAE9FAB06D,Bhutan,Clothes,03/09/2019,4829,109.28
E2E4F892-FC9C-8F5F-69F8-D3E78E54F808,Kyrgyzstan,Fruits,08/07/2019,1287,9.33
3AC95D4E-FCE1-99F9-7091-F620B91AE588,Somalia,Personal Care,02/01/2019,4738,81.73
EE4247C2-B40F-5D2A-669E-79E292F98E93,Saint Lucia,Household,29/09/2017,186,668.27
6BA74FCA-0C5B-0F23-BE0A-27E460BED6E8,Armenia,Snacks,21/09/2018,4668,152.58
2376DAA8-0AAE-4B25-2F55-D4C572200269,Canada,Beverages,03/09/2019,2252,47.45
453D8EEE-E4E1-F024-181D-260D5066DEFC,Burundi,Cosmetics,10/12/2017,9036,437.2
C78780DD-8D5A-4454-93AF-D7EBDC379321,Liechtenstein,Cereal,11/07/2019,8149,205.7
8E54C858-0A68-CFB7-A647-9B56CA2833C2,Tunisia ,Snacks,23/01/2018,4754,152.58
B932BD86-1FE7-D5AE-1851-947D818483CA,Iraq,Beverages,10/04/2019,1042,47.45
D9D63650-8963-01F2-6DE1-C62B51B84845,Indonesia,Cosmetics,28/02/2018,1237,437.2
C961FFFC-6018-D0A4-8BF6-A2D6E5A2A783,Kazakhstan,Beverages,15/03/2018,6594,47.45
EAA5C4C1-5F50-69F5-4FEA-5C7997FB300E,Denmark,Beverages,12/07/2019,399,47.45
12C60267-D70A-AD86-8876-0E010A69B58E,Luxembourg,Vegetables,08/06/2019,2969,154.06
D6D26E15-0895-44AB-DE01-14493D3B6239,Cape Verde,Snacks,15/02/2019,6653,152.58
4427092A-795B-09F3-4051-1C87E215C2E8,Palau,Vegetables,13/04/2018,832,154.06
94F4D0CA-BA71-8098-455C-EECA85BD7B29,Australia,Vegetables,20/03/2019,6915,154.06
E9DC27D0-E33A-456A-6E94-AFEE533031FF,Nicaragua,Meat,31/01/2019,3346,421.89
51050F2C-46B2-F4A4-17D7-C972A261D89A,Laos,Office Supplies,21/08/2019,598,651.21
ED34AD50-B139-9479-EF76-6F7AB9325DCF,Cuba,Personal Care,26/06/2018,6176,81.73
997AB4F0-832C-52CB-9A66-F5864EC29404,Moldova ,Cosmetics,20/08/2018,9615,437.2
FC203816-12E5-FFA0-03FF-D3AC2812BCCD,Syria,Household,17/07/2019,7485,668.27
1B7D8ED4-5B94-B4B9-B22B-B04E7EB772CA,The Bahamas,Cereal,08/02/2019,8382,205.7
75DAC02B-E31D-70CD-8C9F-50AC5C1E5DE3,Belarus,Snacks,24/04/2019,7938,152.58
6792348D-0C64-006D-F34B-F4A743359BB3,United Arab Emirates,Clothes,01/04/2018,3812,109.28
CDAB2964-B687-4F71-3F8C-A6AB9D1760A6,Angola,Beverages,01/06/2019,698,47.45
3E3E5526-7078-D220-5744-F598EB718667,Cuba,Cosmetics,21/10/2017,5320,437.2
F040C09B-7BE5-5DB0-BD83-208CDB4F6EB6,Ukraine,Office Supplies,09/09/2018,1431,651.21
F53BA195-7B4D-D438-4EC2-2E5E3EBAC6E8,Mozambique,Fruits,06/03/2018,4818,9.33
C2BD77F4-6F5C-560D-8334-F0957C07DDAF,Armenia,Personal Care,07/09/2019,8299,81.73
3AA91FA3-0FE8-73F3-C4CE-38DFE352C317,Greenland,Clothes,20/10/2018,6722,109.28
B16EA945-B92F-58FB-7736-E13448C4619E,Saint Kitts and Nevis ,Office Supplies,07/10/2018,1968,651.21
BC90668D-3B30-5D42-D2CF-BD86AFC33473,Vatican City,Beverages,26/09/2017,7946,47.45
70D341F6-BC57-56AB-F840-C2AECC97B9E7,Ukraine,Clothes,02/04/2019,5600,109.28
754F44F4-F14D-3A1D-BBE2-3475C157E4C8,Niger,Cereal,25/06/2019,7903,205.7
1E8CFE3E-FF49-85DC-C633-807B988ACCA5,Myanmar,Cosmetics,06/09/2018,4860,437.2
E65CB89B-FB62-CCB9-7152-950C59C4DFC8,Guinea,Baby Food,19/11/2018,8508,255.28
E427FDFB-AFE6-0AC3-71C8-6E72BA4EDDBE,Guinea-Bissau,Snacks,27/05/2019,7913,152.58
7DDF5CC0-1DB6-1945-3813-8C5F806E5BE6,South Sudan,Office Supplies,15/12/2017,4174,651.21
BA0D8378-2272-D6AE-FAC2-CE1F81C04913,Turkey,Snacks,18/04/2018,5421,152.58
E052228D-74A8-A44E-4587-B1DE6882B151,Palau,Household,17/03/2018,1816,668.27
9E2912FF-A529-BAD6-A7A3-FFE75486C494,Poland,Beverages,13/01/2018,550,47.45
CE13BFA6-0E34-35BE-E192-58A483794D4A,Malaysia,Beverages,06/11/2017,848,47.45
E66D232F-D7E4-ECA5-E73C-BB335D2F3C71,United States of America,Personal Care,30/05/2018,8963,81.73
5D38C99A-7726-1FBC-251E-D5B07D88606B,Switzerland,Cosmetics,02/02/2018,3183,437.2
A31B901B-21B6-39F3-8EF0-E25EAD5FD40D,Papua New Guinea,Cosmetics,17/01/2019,8825,437.2
4FCE30D1-1A58-C51B-41C1-345EE27ED3B6,Namibia,Beverages,05/05/2018,3237,47.45
5A4EA3F6-939D-B99D-469A-D4D16351BCF8,Ireland,Clothes,10/06/2019,799,109.28
20035B40-8382-5D68-5796-D557EFC5FDCB,Mozambique,Household,16/01/2019,7922,668.27
4ECB6ED4-5EF6-1A32-A358-271C5CF6814B,Democratic Republic of the Congo,Baby Food,03/03/2018,8049,255.28
E26CD844-21D6-14CE-940F-B50A1B0763CC,United States of America,Meat,19/12/2017,6654,421.89
603F374A-627B-5703-39CF-7192C69F6256,Azerbaijan,Office Supplies,21/09/2018,6240,651.21
F9F69630-6865-21A8-451F-232FDCF61D8A,Belgium,Office Supplies,14/06/2018,1345,651.21
823A8217-4510-BE7E-45B3-32B4FD0FBF5A,Taiwan,Office Supplies,12/07/2018,3536,651.21
0A57F6CA-D6A7-ABFD-7D58-60B2C1E1BAC2,Panama,Baby Food,08/04/2018,6411,255.28
FF6FBBB3-5EAA-76BF-1C60-A63C0897CCDA,Andorra,Beverages,17/11/2018,600,47.45
BAED5F7F-8309-0E28-3460-5B2D1AF694D7,Georgia,Household,16/12/2018,8765,668.27
05E32B71-CD89-E90F-C4FD-8C840E9A7E79,Barbados,Snacks,12/11/2017,597,152.58
8377315B-3EC8-159D-BEAD-2532DAD6838A,Sweden,Personal Care,05/05/2018,7821,81.73
48A64987-C75E-2E6A-EA47-D181071A3A05,Algeria,Meat,23/03/2018,9191,421.89
15448817-6055-9A76-BA2F-9142BBD669B4,Italy,Personal Care,09/07/2019,5494,81.73
39FAE1AA-DCBC-641D-8CF8-2F43BCC623EF,Russia,Fruits,17/03/2018,4546,9.33
62E89BCC-B585-CC9F-5F71-6B9C101FAF76,Antigua and Barbuda ,Office Supplies,17/01/2018,6197,651.21
9B19CB7C-63D2-3CF2-77B6-7B2B6C424463,Jordan,Fruits,23/01/2019,7325,9.33
3C7CF5B2-3EAB-CBF4-4FDF-D0051EE0C444,Mali,Meat,06/01/2018,6844,421.89
3978FE33-A1C5-43F0-1EBB-CCCF5B5E64DC,Somalia,Cereal,14/06/2018,694,205.7
AF496C68-A958-8D6F-7C93-6A8E72716721,Kuwait,Snacks,13/09/2018,6850,152.58
9B0ED2B3-A130-0487-ADA6-9A2A9129955F,Liberia,Office Supplies,27/12/2018,316,651.21
7DB36E69-DFBE-A1E1-D12D-B0676B8CAB88,China,Office Supplies,22/04/2019,8128,651.21
A038BCA0-200E-63AA-A007-B200A2388C3A,Andorra,Meat,24/02/2018,4355,421.89
08F8C822-A411-A0D1-C3F3-A0DDF2C41383,Niger,Beverages,11/06/2019,5093,47.45
46C7578B-3351-7DC6-F4EB-C1157BC8A434,Hungary,Vegetables,23/11/2018,3475,154.06
840706CA-ACB1-C92A-1798-03897F5ADA58,Monaco,Clothes,18/04/2018,4659,109.28
C8A96627-49F2-334F-E905-57888BFECD4F,Tuvalu,Household,09/02/2019,840,668.27
5583FE19-96C6-BC29-28E6-FBBDD0BD675B,South Sudan,Baby Food,28/07/2018,6240,255.28
787D7541-3423-849C-B7EF-C386631E76E8,Cyprus,Cereal,10/09/2019,2114,205.7
0B05D756-191E-7BD9-90AE-8AF0248249C0,Poland,Household,19/03/2019,1749,668.27
1A0C5BF9-0615-D446-F67A-93C6820CE604,Liberia,Snacks,16/04/2018,5462,152.58
662AB591-19DA-4C27-6135-EAA9E19D0D4D,Cote d'Ivoire,Vegetables,24/09/2018,5602,154.06
AA0DC837-0A6B-E8CC-4D2D-A878EE49C7DC,Kyrgyzstan,Beverages,07/08/2018,1547,47.45
26F49128-C830-35A1-5DBB-73DC6A1E2FAF,Slovakia,Vegetables,11/06/2018,4711,154.06
ED494760-E454-F3D9-C4B4-ED324A41C367,Malaysia,Cosmetics,26/03/2018,3534,437.2
8A763776-E663-A42F-61D7-0418CB573789,Liberia,Beverages,30/07/2019,8491,47.45
86F61ADE-6121-E5EE-AFBE-25B8C21DD1FA,Vanuatu,Cosmetics,03/08/2018,7086,437.2
4096F9C3-40FD-13E5-F920-3EA42C8959EB,Kiribati,Baby Food,25/05/2019,8856,255.28
2838B454-58B0-F505-FE0E-0C7FCA8D80E0,Turkey,Baby Food,17/08/2019,368,255.28
5EE1CE8D-DAA3-CE09-DA48-ACF39F764EE1,San Marino,Fruits,15/01/2018,221,9.33
65A79753-09AA-C1CD-B9DE-E812828A28BD,Vatican City,Snacks,06/03/2018,4044,152.58
EE98D251-A1FD-8C93-3A7C-7CD83E86F163,Morocco,Beverages,10/03/2018,9499,47.45
4ABF6845-F47C-CFFE-4EBC-AF3F044C35FF,Equatorial Guinea,Meat,10/11/2017,1277,421.89
E6CA012E-32A2-A913-7E7C-FED0D028B1F1,Jordan,Vegetables,30/07/2019,6104,154.06
9B9B8589-1D0D-9A48-E6D0-6BB86D19331A,Kyrgyzstan,Vegetables,14/09/2017,7733,154.06
E19C1378-E8CA-342F-E3F3-3C792B218E12,Republic of the Congo,Fruits,25/11/2018,1950,9.33
77740E00-D6AD-1808-622E-1DD4FCB7EC3D,East Timor,Snacks,16/07/2019,1574,152.58
CB054444-8394-79A5-828F-B574E7E0C561,Estonia,Meat,02/07/2018,1452,421.89
C31D55DF-832F-2E24-E171-23F39292DB6E,Bangladesh,Snacks,02/10/2017,3465,152.58
CEEA9F97-A72A-D75D-34AF-8FBEAAF04BBE,Senegal,Fruits,19/02/2018,1523,9.33
C9E62088-E0F9-AE6B-3662-156C19BF2CCA,Pakistan,Fruits,30/04/2019,6569,9.33
C129EB59-2A7C-C984-7FD6-39239F9B10BE,Czech Republic,Beverages,28/07/2019,1578,47.45
32378D07-A0B9-8DBF-EB31-09C10721791E,Ghana,Meat,26/07/2018,6552,421.89
E7836D36-D946-6D37-8178-FD0583C8F342,Japan,Cosmetics,28/12/2017,3530,437.2
5B060902-0B6C-4996-0358-61E8C51D8D3D,Kazakhstan,Baby Food,27/02/2019,1578,255.28
86784126-0B0D-C709-AC55-DB2F2E88713A,The Bahamas,Snacks,26/12/2017,1794,152.58
E1B2C787-5C40-DDC7-B77B-F486572738BC,Ethiopia,Household,21/11/2017,2309,668.27
8E210464-765B-DE04-5D19-B9BA66D754D5,Burkina Faso,Cosmetics,07/01/2018,3284,437.2
041A4983-8764-5780-5F87-DBF86C2DEA2E,Madagascar,Fruits,25/09/2017,1910,9.33
1E0170B5-5120-A8BD-DD1B-BFC89D7D41F5,Netherlands,Office Supplies,27/09/2018,7413,651.21
37BB6BC1-66FB-B712-C988-A34CDB62A506,Greece,Vegetables,26/12/2017,6046,154.06
88E7B105-E945-71D9-9039-AF6FCBEF292A,Egypt,Meat,14/11/2018,6096,421.89
0834C7D7-DCD8-D3A5-83CA-F0829D7885BD,South Sudan,Fruits,14/02/2019,2880,9.33
AFE83D4A-A25A-BB29-58E1-9A99A27565CC,Kosovo,Baby Food,08/11/2017,3747,255.28
2D5E2987-C3E5-64EB-CFE1-86BC3D30FE9E,Brunei,Beverages,02/04/2019,3077,47.45
8A01B46C-18C9-4CB2-FEDB-FDBD68752E35,Australia,Vegetables,05/11/2018,7281,154.06
208B4ECD-A34B-8F86-D7A9-12F362BF6353,Cape Verde,Fruits,02/04/2018,9800,9.33
3681652F-EB00-374F-5433-7D16450F2E44,Malawi,Household,29/10/2018,6110,668.27
2A6C5DDB-62AA-8878-40AA-361166CB1C1D,Philippines,Personal Care,16/01/2018,8714,81.73
458A5F92-B1F0-963B-D7C1-EA3ABE278642,Estonia,Beverages,15/01/2019,2149,47.45
9D72E7F5-E4A4-201B-46EC-EBDA17B4DB44,Trinidad and Tobago,Office Supplies,11/02/2018,7982,651.21
528A2FBE-1E38-7870-4DEA-B856C685377F,Mongolia,Household,24/12/2017,9812,668.27
706F18B7-2589-5258-87FB-53240CDC4533,Japan,Personal Care,18/02/2018,8269,81.73
B342C96B-985A-C215-3E8A-EFAA4B4D2389,Niger,Meat,27/04/2019,6014,421.89
4FE4F14C-4A89-CEA3-3C77-21624EA0E697,Egypt,Baby Food,19/11/2018,2739,255.28
32BDB586-B5DE-8E38-3123-7C3546D276A9,Saint Lucia,Vegetables,09/02/2018,168,154.06
CB7E41A9-2D90-9D90-0251-FA37F06E8826,Qatar,Cereal,30/05/2018,7055,205.7
6830F4D2-2AC4-149A-DC1B-7F60DFA2B813,Mali,Fruits,25/08/2018,4188,9.33
E91E62BB-2B33-BE15-326F-4E73DB58DBA4,Saint Lucia,Cosmetics,02/06/2019,9383,437.2
485195CE-CB44-63E8-C39D-5A2723E41A72,Swaziland,Clothes,04/01/2019,2488,109.28
E15A6E0C-778B-37CC-AFE0-AE89CC4C20D1,Mongolia,Fruits,20/08/2019,385,9.33
97D89097-442C-CDF4-A238-CD6A50A30D06,Botswana,Office Supplies,09/10/2018,1983,651.21
AC20514A-166A-9C4B-A13E-3F9D13130D68,San Marino,Cosmetics,20/03/2019,3226,437.2
A5C46FB3-8EF9-159D-ECF1-115703AFF672,Oman,Fruits,14/12/2018,2087,9.33
B740F89F-FF46-F78D-202F-4BD5E69C4E9F,Bangladesh,Office Supplies,26/06/2018,3570,651.21
BE31E3C0-F20E-C04F-9650-35A76CC8897E,Namibia,Cosmetics,22/02/2019,4713,437.2
DD259216-BD77-8F02-674A-DF90A23CDD2C,Mongolia,Fruits,10/07/2019,9582,9.33
926B9539-7F35-F666-9D21-581DBADAE2A0,North Korea,Beverages,23/11/2018,4276,47.45
B55951F1-93AC-98E3-3BF8-64E6602D1116,Latvia,Clothes,09/01/2019,1925,109.28
093B7601-9503-76BB-B945-A155250C2C32,Burundi,Snacks,11/08/2018,7689,152.58
0DD9C72B-5A8D-FEE7-C7BE-6BED27A9D89C,Seychelles ,Personal Care,04/08/2018,3762,81.73
25CE9C6B-23E3-91EC-001A-A6B394BB76D6,Kenya,Cereal,04/08/2019,4368,205.7
1F66CE6F-8385-4504-5405-10ACBE803DEA,Benin,Office Supplies,01/09/2018,760,651.21
FB63FC05-30FC-2348-7A76-82907520D4E9,Saint Lucia,Personal Care,14/03/2018,6225,81.73
89B322FF-EA66-949B-0296-83D5D73EE734,Qatar,Meat,17/06/2018,1080,421.89
3F9FCDBA-3BCB-6608-381B-C0A3C8EE7026,Mozambique,Beverages,26/01/2019,7675,47.45
5F773092-6E19-D68D-DE1C-BCCD197ADC61,Pakistan,Clothes,21/09/2018,5388,109.28
18B85537-C81F-7759-9096-CAA98C9DF584,Taiwan,Personal Care,02/02/2018,5631,81.73
7930BFB3-12F0-E2A4-BB5B-DBDB0C26F844,Cuba,Cereal,04/06/2018,6847,205.7
D5022EB1-9848-831D-A881-0CA443741B2B,Cuba,Household,05/05/2019,9509,668.27
48A7B1EB-7150-1056-A8A1-3AA8704C1FF5,Russia,Beverages,29/12/2018,1122,47.45
043833D4-2390-EFC4-57FF-6A5F302ECFC3,Switzerland,Cereal,31/07/2018,1222,205.7
8E0EE12F-417F-CE2D-8DB8-06BDC0D76291,Czech Republic,Personal Care,13/07/2019,6377,81.73
12004D11-F7F7-4BB2-C10F-D459069050E0,Poland,Meat,18/12/2018,5185,421.89
737A9007-5331-A923-DD95-4F550845A260,Mauritius ,Cereal,27/10/2017,3275,205.7
F9532454-55A8-DBEA-2DDA-EE505429AA1F,Pakistan,Vegetables,02/02/2019,8310,154.06
9E6D2A6A-6664-6C80-EF3C-7EB4073073E4,South Africa,Fruits,09/11/2018,4981,9.33
BF233D71-E819-5CBD-A443-590072372846,Seychelles ,Household,12/02/2019,13,668.27
3904C27C-4ECC-E03E-78A7-3EEC363B1E41,Benin,Meat,19/10/2017,7159,421.89
321EE982-F3A6-655E-83BB-674318CD63A1,Benin,Meat,14/03/2018,2207,421.89
7189E9EA-1AAA-A02A-685E-B518AC9B7214,Nicaragua,Fruits,28/06/2019,7973,9.33
2AEF0E4B-475A-8BD0-2B65-279E66CC78D1,Lebanon,Office Supplies,16/12/2017,9306,651.21
B2E84A39-78E7-E2A5-9F8E-06E68127B79E,Moldova ,Meat,30/08/2018,8086,421.89
62BA85CB-636F-ABF3-36D1-B4E98FB3305A,Tunisia ,Snacks,05/06/2018,8225,152.58
E3FF1707-6597-50A9-377A-E24C2EC33446,Vanuatu,Beverages,20/01/2018,664,47.45
5E52665E-5528-CA46-A2DB-126C11B31935,South Sudan,Beverages,16/01/2019,8377,47.45
6F719166-484D-5A56-CF89-7480E8DE0225,Sweden,Cereal,04/10/2018,1370,205.7
3C87F847-0AF7-F070-5829-E8950472F3BB,Ireland,Meat,23/04/2019,1677,421.89
8C9DBCE2-17E6-8B4C-F471-0588C2B894EE,Italy,Vegetables,07/06/2019,8367,154.06
7A2C8E16-79E0-7BBE-CC34-BD8FEBBAD24E,Bosnia and Herzegovina,Vegetables,08/01/2018,2539,154.06
13391CF8-387D-1090-7D55-9620C8AD8B92,Bosnia and Herzegovina,Household,03/08/2019,2321,668.27
F6D8B256-67F6-1C1F-5775-46053CFDECB7,Poland,Snacks,29/12/2018,7876,152.58
4C43CFD7-0F74-4BBC-E604-9B2B23D9A5B1,Kuwait,Snacks,06/12/2017,6396,152.58
E1021AC4-2968-3C27-A512-DD11362CD245,Sudan,Cereal,26/01/2018,7103,205.7
E6CC77FF-7325-3821-DCB9-DBA938616B22,Saudi Arabia,Vegetables,09/09/2018,6254,154.06
83EC99E8-64D2-91DF-6EB6-AF9C70603532,Swaziland,Baby Food,07/05/2019,2134,255.28
C402BE59-901B-C454-0B96-6E1B0B9E52BF,Rwanda,Meat,01/04/2019,61,421.89
BAAD7823-DFB5-C902-F976-95E34ECA51C4,Cambodia,Cosmetics,23/10/2017,7383,437.2
ADDA5D01-D7BA-F5ED-FBF7-17540FDAB24D,Central African Republic,Vegetables,17/07/2018,8480,154.06
805D211E-37E8-A2C2-161C-60AF48D32DB3,Maldives,Cosmetics,30/08/2018,9764,437.2
283EFA9B-D60E-E3F6-7CFE-C31FDF38FE89,Djibouti,Household,09/06/2019,4676,668.27
979FCBE5-B62A-DE0C-9B9B-2671C4D970DF,Tajikistan,Beverages,11/01/2019,8691,47.45
E4A4705D-176C-146C-6B2A-58201D7DD49C,Sri Lanka,Baby Food,01/07/2019,4312,255.28
86C458E0-C23F-0547-A49E-935A24464B4D,Montenegro,Personal Care,05/04/2018,6077,81.73
D4E143A1-26FD-928C-2AB2-320663373FA2,United Arab Emirates,Personal Care,07/07/2018,5553,81.73
36DD9279-0C52-8182-BE60-B707D72C5A25,Dominican Republic,Personal Care,25/02/2018,6338,81.73
BE407E97-325B-E1EC-9171-EBA76A3FE957,Seychelles ,Office Supplies,09/01/2018,9063,651.21
ABD1E25E-5BC9-7A53-DB1B-C8BDBE73158C,Iceland,Office Supplies,14/11/2017,6388,651.21
89560F3D-3D39-89F4-289E-5A032E6B71CC,Nigeria,Vegetables,29/08/2019,8005,154.06
A10016DE-9D27-AA1E-1423-89003431CF69,Rwanda,Fruits,14/05/2019,5639,9.33
BCFC7458-4DA8-3099-FE3C-206C2074C031,Hungary,Snacks,04/11/2018,8044,152.58
85BDF51A-D8A5-7A94-B96D-FCF982837D54,Belarus,Baby Food,11/12/2017,6007,255.28
C411BCBF-7434-B777-B039-946B7B173EE0,South Sudan,Cosmetics,30/08/2019,7344,437.2
EF5CCA4A-1AAB-CEA5-E80D-870206C9B897,Andorra,Vegetables,09/02/2019,1905,154.06
BD11AE0F-64A9-7454-F5C2-9906F4074E15,Japan,Meat,25/06/2019,6569,421.89
055BEEA8-995C-6610-E5F2-509C6A7E6DC6,El Salvador,Meat,16/09/2017,248,421.89
B04CAEAD-F9BD-BD6B-BCAC-BC9D7CBCB38E,Kenya,Office Supplies,03/08/2019,8883,651.21
32AD02AE-AE3D-0FBF-3C5D-431B8BC88156,Bosnia and Herzegovina,Snacks,08/01/2019,449,152.58
4A7C356F-2F8B-83D8-CF34-86802CBCB45F,Andorra,Personal Care,19/09/2017,9950,81.73
41AB2C5F-7E80-1C90-93A6-B6174FB828ED,Cape Verde,Cosmetics,13/02/2018,4423,437.2
3B1622C5-060C-6250-2F52-476F031ECFF6,Nauru,Fruits,05/12/2018,7934,9.33
9987952B-C404-A48E-C82B-193D8D63689A,Czech Republic,Cereal,28/06/2019,6583,205.7
A46F02B0-ED81-078F-F96E-0A2C097C859D,Serbia,Vegetables,02/11/2018,3500,154.06
1E8EA4BA-A251-A6C4-8615-EE0A5CA17AD2,Tuvalu,Cereal,01/09/2018,3844,205.7
2CA804C0-91AE-43E7-8E48-4752D23F2CCD,Madagascar,Clothes,16/05/2018,9810,109.28
18A2374E-2CA1-4047-91A0-D5B26AB8ABA1,Ethiopia,Vegetables,08/09/2019,5620,154.06
88A777D9-5D65-0C76-C0AD-671CA99B5796,Malaysia,Baby Food,06/04/2019,2530,255.28
515FE2A4-8728-78E2-6642-B9F203B0FAC4,Tanzania,Household,12/11/2017,3825,668.27
CD73BB08-54F5-172B-9BA5-B3CE2515EF8F,Cote d'Ivoire,Vegetables,04/08/2018,9823,154.06
74187C02-37DD-D47F-6619-36032D8D1FB0,Solomon Islands,Clothes,01/01/2018,2873,109.28
1DC7C91A-25B5-ED8E-D171-FB4DE042B2A0,Netherlands,Clothes,01/10/2018,2354,109.28
8BEC0AB0-689A-BC2D-9DA1-F2F9ABF42240,Mali,Baby Food,11/04/2019,9677,255.28
0C23A9A7-C03E-0FD9-A32B-5DBCD27C0EA0,Afghanistan,Cereal,01/12/2018,3286,205.7
3D84F5EC-0674-902E-F674-5903A71E9882,Moldova ,Personal Care,06/10/2017,3653,81.73
D4F1C393-66A3-1BB8-26D0-C497A466DF94,Bhutan,Snacks,11/11/2017,8283,152.58
ED486CF6-521E-A439-2EE4-8107F06BCBC2,Vietnam,Vegetables,25/12/2018,6714,154.06
6C953CF5-6ACA-5D23-49FC-C203A6F3A23B,Portugal,Vegetables,24/05/2019,5511,154.06
61DCB1D0-68FD-C806-C2D8-971A8B332D86,Spain,Baby Food,21/06/2018,3273,255.28
F400D44C-7B80-938B-729B-93D718E1DE3D,Egypt,Meat,07/04/2018,5632,421.89
745A2E34-0219-A9FD-30BD-C660BE70E6BE,Belgium,Snacks,18/03/2018,246,152.58
6FC0A852-4B5A-9C36-DD4D-224E95C72D9A,Malaysia,Cosmetics,01/12/2018,1810,437.2
602F4AD8-89A5-FB49-A1AD-0248F5ACC8A0,Dominican Republic,Cosmetics,26/02/2019,7047,437.2
889EDBFF-9EB4-85AB-7B5D-4320E813D6A3,Estonia,Beverages,05/03/2019,9711,47.45
71698491-AAB4-8116-CC3E-6A270DF91D90,Burundi,Snacks,16/03/2019,5588,152.58
2C29D4CC-E8D3-82CF-E172-9143B010146F,Latvia,Beverages,05/06/2019,7497,47.45
C6BB530D-2A06-C662-139E-D1A4AAA188EB,Tajikistan,Meat,11/05/2018,285,421.89
C2044475-D92F-42BF-FAD9-8D4AE11C7C99,Zimbabwe,Fruits,24/09/2018,5833,9.33
599ACA99-2C17-128F-2EEE-56929DACC5C0,Comoros,Meat,25/07/2018,8052,421.89
E175E400-DB4B-1C27-2468-FA62CC9E5F1B,Namibia,Clothes,08/03/2019,7884,109.28
F71E4343-F80E-292B-F682-3B2B94367D64,Slovenia,Cereal,12/03/2018,8302,205.7
75B5C321-3932-4B4B-201D-02502BE2748C,Bulgaria,Snacks,28/05/2018,9312,152.58
446FC2AC-0F8E-3909-78D4-2ADFD2E22FF5,Guinea-Bissau,Cereal,17/04/2019,2950,205.7
7B6C2043-B837-76AD-7951-1AE49EFF117D,Lesotho,Beverages,25/06/2018,8282,47.45
5FB162D3-CB64-2B58-5EAE-866F119EE339,Sri Lanka,Cosmetics,04/01/2018,6409,437.2
25BBE64E-2885-9CCF-E74F-34263EE0F344,East Timor,Snacks,05/07/2018,5459,152.58
4A9218A6-1A03-5075-52FB-FCC3CEDF7B65,Belarus,Household,07/08/2019,5594,668.27
EF4061E6-AC06-8DC7-2332-71F353CF173F,Benin,Meat,28/05/2018,4006,421.89
FAA0B5AA-885E-1E54-02E3-73951B5C7079,Ireland,Beverages,14/03/2018,9919,47.45
FBA0D893-A1CF-9A6F-0B65-069C4597047C,Iran,Meat,31/03/2019,9587,421.89
8C8B5B4C-5260-3D72-E24B-E92F8A3EDECE,Benin,Household,11/07/2018,1297,668.27
C40BD4F1-0F3E-8CD9-A634-84F69B6363C1,South Sudan,Beverages,08/04/2019,366,47.45
B3ABB98E-B7FB-54BC-ECDA-800DD482CDA3,Comoros,Personal Care,27/01/2019,4144,81.73
8651276E-94F6-09AB-CD81-24531CA0714C,Poland,Baby Food,10/02/2018,7008,255.28
334621D6-1316-E17E-F104-81D335E8EE9A,Bosnia and Herzegovina,Cosmetics,25/02/2018,5372,437.2
2728E792-405C-DE07-F041-CC788D6D8B60,Namibia,Vegetables,25/08/2018,2677,154.06
61E89724-EF3C-A9A0-7B12-3DA18A14E1AF,Spain,Office Supplies,18/01/2018,4396,651.21
0EF39177-0236-84FF-F995-E32CD747EAD3,Iran,Meat,11/02/2018,3036,421.89
86180C7B-295E-A31C-1BFE-BFDE3CD8896C,Guatemala,Office Supplies,08/08/2019,3131,651.21
7C1A1C4E-3A3A-209B-2FBF-F70BCC1F7FB7,East Timor,Beverages,15/01/2018,6249,47.45
6236CF58-78C3-F3EB-F710-735F292F972A,Bahrain,Household,18/09/2018,5990,668.27
D65B1B71-ED00-C2D8-8D31-97CBBE42AD57,Ethiopia,Office Supplies,06/03/2018,2982,651.21
419554FC-80DD-927E-70AC-CF3F3ACFD371,Solomon Islands,Personal Care,13/03/2018,9886,81.73
898286F5-3370-7244-783B-6EDF8F8F0DC7,Belize,Snacks,22/04/2018,6397,152.58
FE1E71FC-6531-B63B-7515-46036F00266F,Sri Lanka,Office Supplies,23/01/2019,4236,651.21
FB09E58D-8A1B-6AD6-192D-3A2FDD3B1FD0,Costa Rica,Clothes,06/05/2019,2158,109.28
98FF81B5-4158-CFE9-CCDB-9DCC51AD9E63,Nigeria,Baby Food,14/03/2018,951,255.28
66C23807-65C8-134E-5C0B-88362C176643,Iran,Office Supplies,25/07/2019,8431,651.21
FFC46456-021D-8D47-ECD4-9B4A816342AF,Djibouti,Baby Food,17/07/2019,4447,255.28
FBE222EC-4EF7-870D-9A37-2C342D98F737,South Korea,Snacks,22/11/2018,5879,152.58
6CE650D3-3EFE-C57C-29F5-B05A8BDBBE93,Dominica,Snacks,22/10/2017,1637,152.58
855B39F5-F8AA-E70C-66DA-3703E006DEF2,Vietnam,Snacks,11/10/2017,7665,152.58
EE04099D-5A6E-20D2-76E3-5C731C4DF47B,Norway,Personal Care,31/07/2018,1936,81.73
39034543-C303-EA23-479C-0B3C8F181F20,Haiti,Beverages,24/07/2019,9455,47.45
FFDD0B78-B1F2-B656-3A73-790C5F74B2D1,Jamaica,Fruits,20/10/2018,7258,9.33
76A58268-0228-2271-54AC-D3B89AC3C2D0,Sudan,Vegetables,25/12/2017,9412,154.06
C3BECDD6-CEB8-6BDD-9931-BC8C04F2F4D8,Angola,Meat,26/05/2019,2016,421.89
3D9F4657-F0DA-5CAC-C4D9-632D7622829D,Panama,Cosmetics,09/04/2018,8200,437.2
2865C633-E96A-9A6F-BC30-D47E588B7751,Greece,Personal Care,23/11/2017,3124,81.73
1381B4A5-0037-7631-0E27-7B2D2DB12C2B,Madagascar,Cereal,01/03/2018,8983,205.7
C257DA5A-623B-4FE0-88E0-B3828B645E9C,Guinea-Bissau,Clothes,07/01/2019,9998,109.28
BAC26929-FD95-1D4E-3736-5F4E8EEB3D33,Greenland,Clothes,24/01/2018,7425,109.28
6EC55649-046B-E3CD-9CB1-E88CEBC56F48,Libya,Beverages,26/01/2019,4550,47.45
F4A1597D-5C34-DD57-112B-FB37ADDC7620,Belarus,Vegetables,24/01/2019,1691,154.06
599E31ED-DC22-EA5D-6CA5-047614596FE3,Lebanon,Clothes,26/02/2018,1196,109.28
74258B87-8480-1B98-A8D7-992E57C3AEF5,Djibouti,Baby Food,14/09/2017,2444,255.28
45EFA88B-8668-AB11-1408-3EC568C9DDCF,Barbados,Personal Care,25/12/2017,6848,81.73
692310D8-5647-A41A-CED2-48CAE45E87F1,Guinea-Bissau,Vegetables,13/12/2018,2849,154.06
3C7BE39C-388D-BFA5-5A7E-A03D1B252385,Finland,Personal Care,08/02/2018,921,81.73
4DC9CEED-A6AA-6A63-514F-51193CE1B1F0,Haiti,Baby Food,22/11/2018,8569,255.28
67AC8C03-BAAE-4A4E-6783-E87340B02C9D,Niger,Clothes,29/04/2018,5330,109.28
2FE83218-B718-3E84-AF12-C9947F6C5FD8,Trinidad and Tobago,Fruits,02/10/2017,7769,9.33
7A439B1B-1B88-5DC7-96F3-D10CC8112EFA,Grenada,Personal Care,17/02/2019,4487,81.73
A1868CC5-2E02-21E3-E676-88E21F48ABBF,Dominican Republic,Cereal,17/07/2019,1113,205.7
2CB4ED2C-BB77-0D90-7AB3-C36CECFB4687,Monaco,Household,24/10/2018,5308,668.27
0C98D64B-FE66-CF3D-52A4-84F724A182E4,Estonia,Vegetables,17/07/2018,1764,154.06
4D095499-0A0E-22F4-3871-38452250D49B,Italy,Beverages,30/11/2018,7206,47.45
236D18D6-5919-5FD3-A104-0E564BB6C9B7,Malaysia,Office Supplies,23/12/2018,5387,651.21
D4FFBF1C-3E52-6219-4E6F-FA1A568C3A42,Ghana,Office Supplies,09/08/2018,2095,651.21
42301B8C-C4CA-27EE-20AD-DA24CCCF63EF,Pakistan,Clothes,30/04/2018,146,109.28
75EDF73D-4DD8-A295-9436-02550C8C0D1F,Sri Lanka,Snacks,16/04/2018,4390,152.58
8AFFD8D2-6B6D-8CC9-E1F7-F9DA7A2D642D,Romania,Fruits,10/12/2018,6705,9.33
55F9EFCA-AF61-CC49-1315-AAB261563B32,Qatar,Office Supplies,17/12/2018,1004,651.21
E71F187B-8745-006A-9CFF-52134CC185C6,Cote d'Ivoire,Clothes,10/06/2018,8228,109.28
8C6C3BC4-5681-0F74-DCB3-C3156130366B,Egypt,Office Supplies,06/06/2019,1352,651.21
70823261-E918-68C0-4F0E-AB7F9B46D5A6,Iran,Snacks,15/09/2017,379,152.58
084EEEC9-C84D-072E-B0E4-7163E09EE407,Somalia,Clothes,02/10/2018,7347,109.28
C1A77A0F-BBE7-A050-0BA1-78332002C263,Syria,Personal Care,25/02/2019,1322,81.73
CD66F6F4-83A3-E873-994A-5DEF9C759796,Solomon Islands,Cereal,14/12/2017,3404,205.7
DEB68DA7-5441-52F8-5187-4AF8733168EA,Guatemala,Fruits,28/10/2018,1721,9.33
67D48909-686E-BF88-E0EE-67C259B2D290,Kuwait,Clothes,02/02/2018,6436,109.28
8D749003-D0B9-F607-F7EC-86B8C121E965,Jordan,Meat,08/02/2019,4741,421.89
7307A1C6-78E0-FCD4-4ECC-26492DCA59B7,Marshall Islands,Beverages,17/10/2018,5859,47.45
66827E1C-1A25-5BA5-F12A-2B74C52D610D,Egypt,Snacks,23/10/2017,6045,152.58
087EAE05-B865-4825-6DB3-A37F159D01BC,Switzerland,Meat,04/04/2018,3585,421.89
0333B5C9-6631-C6B8-4197-C9F8BA024B8B,Samoa ,Personal Care,16/09/2017,3797,81.73
48A60B71-512F-9629-1D07-EFEC787D6D22,Portugal,Cosmetics,11/03/2018,4029,437.2
0DDB3DC5-7ECD-8E07-F865-186619202404,Albania,Clothes,21/10/2017,8661,109.28
9EB89E54-E55C-7226-187C-4FD1D187CAF1,Dominica,Vegetables,20/02/2018,4105,154.06
8FDEB99C-3F39-581A-2FFB-193E176C223E,Tuvalu,Cosmetics,06/03/2019,3803,437.2
B788BC05-0E63-2FF6-50C3-4C1AA4DFCEEF,Marshall Islands,Cereal,09/12/2017,3227,205.7
86EA01E3-1D19-0FCB-54DD-D95AE281D445,Bulgaria,Fruits,07/12/2017,4884,9.33
1DC20017-24A7-94E5-C157-C2F116F85C59,Niger,Office Supplies,07/05/2018,3309,651.21
3CCA3B13-7089-4D58-4897-1D97AAFEC0F4,Saint Vincent and the Grenadines,Office Supplies,11/04/2018,70,651.21
6870E37E-B404-541F-35A5-5E6DB551879C,Malawi,Beverages,05/07/2018,8766,47.45
323D82C1-552B-738C-BF42-685C30E3C592,Cape Verde,Personal Care,09/03/2018,25,81.73
204EABD0-A8A6-5FE1-95F1-4FF5C5DD0FA6,Saint Vincent and the Grenadines,Beverages,02/08/2018,6510,47.45
2E62E6FC-5A64-0E1C-36F5-FF172D3DBD28,Greece,Personal Care,26/09/2018,7913,81.73
C578F049-2133-6160-2A15-9758C6B5AF39,Monaco,Clothes,13/09/2018,5957,109.28
BD00AC89-8282-5754-64F6-E52098F61088,Nigeria,Beverages,12/10/2017,9397,47.45
88DB2403-3DA3-F5EA-2440-78385F7B25AD,Norway,Cosmetics,16/12/2018,9020,437.2
E4C27A66-9883-9082-9D25-A17389A7436D,Greenland,Snacks,27/09/2018,2643,152.58
0ADC871B-C317-CA02-29D0-A52925611560,Tunisia ,Beverages,09/02/2019,114,47.45
1CF145FE-9DAB-6499-283A-10A5F3A78631,Uzbekistan,Meat,17/09/2018,8313,421.89
7897E989-E191-77F6-AD73-A8AD819633EA,Saint Kitts and Nevis ,Vegetables,07/04/2018,6152,154.06
2179DA54-3431-A926-9719-B37AA02811A0,Belize,Meat,05/06/2018,9572,421.89
ADE6CBB8-F5F2-F1B6-1F7C-06F156538824,Angola,Personal Care,19/07/2018,6548,81.73
C70CE88D-0993-F41F-E9F0-941AA27D3615,Bhutan,Meat,19/11/2018,2085,421.89
C8A15F9E-0150-F43A-841B-34859905BBC5,Honduras,Personal Care,23/01/2018,3217,81.73
4314E66E-B3CC-01C1-D25C-AADB18047BDE,South Sudan,Household,12/02/2018,4014,668.27
6522BF6D-BA1A-125D-3548-2697FBAE495D,Kyrgyzstan,Baby Food,13/12/2018,573,255.28
199B67BB-CCE2-080B-669D-2DFA3D2A8114,Sao Tome and Principe,Cosmetics,31/07/2018,6025,437.2
0DD6A565-3B6E-A315-635C-1B311A9AE3E8,Madagascar,Fruits,20/01/2019,5530,9.33
AA987978-2123-5D2A-CD21-FFE1799CEFE6,Senegal,Household,21/08/2019,1280,668.27
C45D91E4-6FA6-F323-EC41-F5FABD85509C,Sierra Leone,Office Supplies,06/07/2019,7501,651.21
3B360BD5-17A4-C9AD-D211-2609E18372E4,Malaysia,Household,11/08/2018,5446,668.27
BD08DBB8-ABA7-7FC4-9F5E-BCE9FFD75B74,Cuba,Office Supplies,12/01/2018,8401,651.21
C7B0FF84-CCC4-CC71-7D7C-74B12607577C,Zimbabwe,Personal Care,03/07/2018,6684,81.73
6DF5AB4F-3658-CC68-E287-268CA00FBC72,Serbia,Beverages,06/01/2019,2644,47.45
B8CD73BE-6C21-BB80-40BF-48F317DFEE9D,Maldives,Vegetables,14/05/2018,5660,154.06
B6FC8B47-C2C5-7972-6881-B88D5F887CF4,Ireland,Office Supplies,21/01/2019,7144,651.21
0259FFF5-FC38-FD93-A02C-E8970E70EBBF,Romania,Clothes,11/12/2017,5537,109.28
1C3BEB8F-ACB4-9815-6E7C-F40A25C17342,Croatia,Beverages,23/03/2019,1315,47.45
FAA281FB-AC73-A861-331C-225FFBEE4C8C,Albania,Vegetables,05/06/2019,1980,154.06
3B71ACA2-7E7F-BA29-1A44-BD8A40EBB2AB,Dominican Republic,Vegetables,22/02/2018,7071,154.06
8CF85066-FD11-7479-A4B7-10109D308728,Zimbabwe,Vegetables,18/09/2017,3153,154.06
20BF70D0-0729-1F53-29B6-53E3FB74D8BF,Ghana,Office Supplies,23/05/2018,8826,651.21
363CAEB7-88AB-F8B1-B3AF-B83088B512A0,Laos,Beverages,17/02/2018,9719,47.45
B9610A3D-334B-ACCD-9B5F-9CFCFE76E506,Panama,Personal Care,10/12/2018,3494,81.73
191A7A19-0D83-2F8D-DA9A-F2CE294CDEC9,Angola,Household,01/10/2017,4843,668.27
8E9CDA58-0F54-4BAF-CDA9-D2B3DA95725F,Syria,Snacks,12/03/2019,490,152.58
3D113667-908C-D1BE-A1EC-F46554717CE8,Sierra Leone,Cosmetics,11/03/2019,4189,437.2
F9FF9EDA-C89D-103E-F01F-FE318AE20989,Uganda,Fruits,01/03/2018,1727,9.33
62B365A6-0BCA-5AF8-39A3-2515FDFFBD52,Taiwan,Clothes,14/05/2018,5921,109.28
C9926CD9-83CA-5B8A-6243-57AD548DD257,Azerbaijan,Vegetables,16/07/2019,1619,154.06
DAB8C965-CC7D-7E8D-4C93-DFC5CA44255A,Maldives,Office Supplies,24/05/2018,702,651.21
674C5B92-4AC7-42B2-E2FC-688BF9DF1D0C,Mauritania,Meat,29/07/2018,7081,421.89
48E81731-0F64-A463-477F-8E63843F8802,Burundi,Baby Food,28/02/2019,1698,255.28
7283B8EC-9925-0D44-39E7-C91E9D8C4304,Zambia,Baby Food,25/11/2018,7526,255.28
F1E3A65A-5277-CC7F-BD81-D3716535821C,Singapore,Beverages,11/07/2018,4571,47.45
474C989A-770D-32AA-66A8-E8002E640396,Ghana,Household,12/03/2019,4869,668.27
0118CB77-6827-9851-10ED-BA7A345393CC,Guinea,Meat,06/07/2018,7487,421.89
BB4052F5-0714-9C55-B989-CBAC00C2258F,Zambia,Fruits,10/02/2018,3524,9.33
9BFDABAB-8BCA-E0AE-AD44-B3BB5C51A03D,Georgia,Snacks,10/09/2019,1109,152.58
EEEAF085-CB39-41EB-68AA-07233FF9F911,Bahrain,Baby Food,27/06/2018,404,255.28
D744355B-4534-C703-3A76-A8738E2B64AE,Lesotho,Personal Care,22/05/2018,8601,81.73
73F5ABFC-F184-2ABA-15DA-219F2E573C5F,Barbados,Cosmetics,03/01/2018,4924,437.2
BFA2B997-4C7E-3E7E-0437-3BE0659A0AD6,Saudi Arabia,Vegetables,31/01/2018,5628,154.06
AE5E9EAC-D826-C01D-92A3-4B542DE65137,Macedonia,Personal Care,01/10/2017,8998,81.73
FD56DBA8-0A16-A2A2-40FF-CB21228B5039,Turkmenistan,Office Supplies,06/03/2019,352,651.21
1645A23C-3674-C5F5-EF7D-B6E0792F88E0,Albania,Baby Food,14/07/2018,7040,255.28
684EAF17-B904-6496-B207-D231396D6CAA,Afghanistan,Clothes,17/06/2018,3440,109.28
A439EE1C-FA76-9365-0916-83F10AD73D32,Kiribati,Clothes,04/06/2019,5963,109.28
FA4939B9-7A97-D26B-23B2-F96142590820,Morocco,Cosmetics,02/01/2019,8053,437.2
E6EE8737-1AA9-FBE4-D1FB-C0D21B13BF5E,Norway,Baby Food,14/03/2018,5183,255.28
EC241205-C664-9DEA-FFD5-BABE511A48C1,Sweden,Cosmetics,27/08/2019,9858,437.2
730A5032-2F38-78B4-C4B9-7FDC52E49FF6,Tajikistan,Personal Care,11/02/2018,6613,81.73
FF36483E-F388-061D-E26F-4412968BB3E9,Netherlands,Cosmetics,19/10/2018,7017,437.2
C8D2D443-2EC0-9C5E-81D3-0A919DB0D686,Spain,Vegetables,27/10/2018,4667,154.06
88634203-9F05-D3DA-1640-7B2BA2DF7EE3,Chad,Baby Food,08/01/2019,194,255.28
647D0CC8-C888-F160-8912-7B1AA34678C3,Ireland,Meat,31/08/2018,6259,421.89
A53E4AEB-32C1-0545-A747-1D4C5EBF5B09,Pakistan,Meat,21/09/2018,2554,421.89
584BF2E6-4F1B-3793-53F7-F4E11330A8D8,Mozambique,Fruits,07/04/2019,804,9.33
41855605-9C3D-FB1F-B5EF-6FBF89310B20,Bahrain,Fruits,23/04/2019,9762,9.33
40420A5A-5A3E-FF37-8B42-23036777FD4F,Tajikistan,Meat,03/05/2018,214,421.89
9A1AF762-6A42-6835-FA44-09503A995405,New Zealand,Meat,07/08/2019,9980,421.89
170EEECF-D811-43EF-12EA-CEC6E2A59F06,Niger,Baby Food,14/01/2018,8906,255.28
7A02A5BC-E2C5-0FBA-25EB-211D80ACA6BD,Armenia,Fruits,14/09/2017,3872,9.33
6F758872-FCCF-57BB-7507-BABAFE878F9E,Gabon,Baby Food,19/05/2019,3791,255.28
596F30F0-96F3-98A0-F8BE-3069875D9552,Kyrgyzstan,Vegetables,17/01/2018,4604,154.06
01B2BE08-45BD-0661-1272-0C66177E6470,Fiji,Clothes,07/12/2018,4285,109.28
677CE1D0-9FC7-930F-DC31-B4BFED8E1A11,Romania,Cosmetics,09/08/2018,7839,437.2
39F88BC5-F592-347D-F762-C260D4781977,Botswana,Cereal,17/03/2018,2302,205.7
B6F6D5EF-65AF-67AA-2749-E61C02ADBC0E,Fiji,Cosmetics,27/12/2018,1741,437.2
0E778111-D4B9-859B-79D9-1E64DF0A32BF,Vatican City,Clothes,30/10/2018,2256,109.28
0B0DF127-5F3F-9891-F150-60D93989980C,Thailand,Vegetables,08/11/2017,6975,154.06
8EDEE191-15C1-0FF8-8914-20CF817DC020,Belarus,Cereal,04/06/2018,1060,205.7
4D61B9A9-D113-95F2-73A4-6D481565A588,Solomon Islands,Vegetables,26/09/2017,6703,154.06
7F49FF32-C006-62F9-73DF-D8241B9AA767,China,Cosmetics,15/07/2019,8128,437.2
C83AFD47-C759-0873-D7D7-AD75B254BC64,Angola,Snacks,23/12/2017,6591,152.58
A9E4F33C-2297-263C-2CBA-A67C7136A885,Cambodia,Cereal,26/02/2019,5376,205.7
71BD97A6-8561-555E-85B8-1AE2CBDF3299,Guatemala,Baby Food,22/10/2018,4802,255.28
5175D21E-BADE-3CC1-4EEB-B915D5EE6ABC,Namibia,Vegetables,11/05/2018,7217,154.06
DA2F3F99-BDC2-2FC8-EFFC-4276D525360E,Serbia,Beverages,02/12/2018,2001,47.45
E298D114-FE82-65ED-421B-0B618649319E,Turkey,Vegetables,23/03/2019,564,154.06
1EEDF290-A77E-815C-ECCB-7D52BB4750E2,Pakistan,Vegetables,08/04/2019,1351,154.06
D0CE58DD-9330-1131-B7D0-7A17688F0421,Georgia,Vegetables,14/05/2018,4833,154.06
98C2FB52-D539-64F1-3B80-25CEC127D11B,Vanuatu,Snacks,08/03/2018,8516,152.58
21D8A88B-559E-3057-85DB-F230A21782F5,Luxembourg,Cosmetics,24/02/2018,1937,437.2
662D8D1C-67FF-D9AE-EA35-8E32EDD6653F,Saudi Arabia,Household,26/09/2018,1661,668.27
D39145B9-5CE1-F407-6A2F-B27A4C9DBD0F,Vanuatu,Meat,12/07/2019,6289,421.89
0EA473C1-2141-AAC5-1E14-813089860A03,Haiti,Snacks,09/11/2018,1450,152.58
B327FBFB-F715-1CB0-4166-3E34AAD6EBCF,Tanzania,Household,28/01/2018,4805,668.27
010EBE24-CBD0-AE03-7AD6-A1D57DEF22F3,North Korea,Cosmetics,04/05/2019,1047,437.2
5DF7AFF6-6B03-2F5B-A372-175F6143713F,Bahrain,Beverages,25/08/2018,6899,47.45
5735EE41-F684-7F68-3518-010B3C84D36C,Cote d'Ivoire,Cereal,19/12/2017,6115,205.7
1002FE20-9307-038F-7BC4-EDAFF355C039,Singapore,Cosmetics,11/06/2018,4483,437.2
753C8E9E-19BC-584E-42C6-5C57A4C31255,Malaysia,Baby Food,10/05/2018,4820,255.28
D06F5694-9CBD-E97A-5076-815589263328,Albania,Baby Food,19/05/2018,1973,255.28
8AD66130-4BFB-70F5-EF7D-E0578C646DDC,Gabon,Snacks,07/05/2019,7824,152.58
96DF19BA-E6ED-9461-EF64-619534070D65,Poland,Snacks,21/02/2018,6283,152.58
519EAE90-5503-A185-9FEE-AFC062D47B5E,Chad,Office Supplies,13/12/2018,8292,651.21
B59A2ADC-0882-0549-16EF-41DCF30F1A76,Republic of the Congo,Clothes,04/11/2017,6826,109.28
CAA8B7E5-31BB-280F-12D9-E1E648341799,Philippines,Fruits,25/01/2019,1888,9.33
A1B8F856-80D6-A821-79FF-21CC5C1C8BF8,France,Snacks,05/07/2018,5516,152.58
1BA1D483-7E79-1146-F456-6A27F4697D82,Germany,Household,23/12/2018,6777,668.27
250E30B5-7F0C-32E9-5877-0D9A9CD136F3,Uganda,Personal Care,16/07/2018,6769,81.73
D4052609-8A1D-FA85-A613-D15AC83AFF48,Bahrain,Personal Care,05/05/2018,3621,81.73
E3DE632B-B966-1260-9270-98B792A14930,Jordan,Office Supplies,11/10/2018,7497,651.21
8B879F45-18D8-3DC4-A7B9-E01D62D3E92F,Montenegro,Beverages,05/01/2019,5586,47.45
C851C002-2CDE-1A58-5FB6-24B739AF03EA,Tunisia ,Personal Care,01/10/2018,7114,81.73
632F6FBE-7EA3-B73C-6DA6-D880D4B4AAC2,Germany,Cereal,28/05/2019,8335,205.7
BF247C4B-DECF-2882-C044-DD4846AA7A58,Italy,Snacks,14/01/2019,7536,152.58
0A1A9104-F1E1-E743-06BD-1B9D25DCB901,France,Office Supplies,06/10/2018,33,651.21
CD0229A4-91E4-2CB0-8EFD-3961D724BF0D,Algeria,Baby Food,16/08/2018,3175,255.28
7452C902-2CFC-90E7-6C90-E6B0C9BF3920,Myanmar,Beverages,30/08/2019,1343,47.45
0A4E67A8-A7DD-FE84-A5D3-7A4E9934B1D5,France,Vegetables,14/11/2017,947,154.06
6553575D-6385-9EBF-985A-2CCD2713CD7A,Spain,Vegetables,29/06/2019,5429,154.06
FD3E36FB-C31F-1CB0-8BF1-CA74F80DD9C5,Cambodia,Baby Food,12/09/2018,264,255.28
C610FD54-BB40-B8E5-ED69-E11B3A52CE71,The Gambia,Vegetables,08/10/2018,7956,154.06
843DC1A7-A59B-B575-F6B8-4B4766CCB61E,Russia,Baby Food,16/08/2019,3041,255.28
64876BF0-D120-9CF3-5F3B-879A3527A861,Belarus,Baby Food,30/01/2019,7088,255.28
24FE073F-E84F-BFDA-4A3E-2E2D1D521638,Turkey,Beverages,11/04/2018,3693,47.45
7BF868DE-1901-1960-C268-2D1ADDE491AA,Kenya,Meat,24/04/2019,3488,421.89
7260C6E0-AC97-B394-AB17-78866EB1483B,Iran,Cosmetics,24/03/2019,9133,437.2
6BBDDC3A-9A1D-4017-54D9-5D02F1A4008E,Vietnam,Personal Care,05/02/2019,321,81.73
C7E17E53-403B-A162-A084-974C6AB39325,Albania,Beverages,19/09/2018,8775,47.45
D2E516A4-5DA8-8C6A-ABE0-C0DEB74A85E7,Antigua and Barbuda ,Clothes,01/10/2017,3251,109.28
945989F4-626C-345C-94F5-57CC7A0C5E68,Senegal,Cereal,28/05/2018,4534,205.7
ED73FD8C-F105-3825-896C-98F57C82DA6E,Netherlands,Fruits,05/05/2018,441,9.33
6D86332D-7656-F0DA-5BFE-FD1E6D3A657D,Russia,Fruits,13/06/2019,822,9.33
5D551491-2349-3765-81C8-42085015E1CE,Slovakia,Cosmetics,17/02/2018,2557,437.2
9B74B557-8611-C5FF-1520-5FAD51F53B8A,East Timor,Beverages,20/04/2019,4556,47.45
B3C7998A-F76C-32BF-AFBA-04F774DD14E0,Haiti,Vegetables,05/07/2018,2761,154.06
1298F3E1-F2E7-E314-23E2-54EA724F92A5,Yemen,Cereal,21/11/2017,5147,205.7
DB4D775F-242D-A07A-5CFF-9366961DCFD1,Tuvalu,Cereal,01/10/2018,6719,205.7
633E2341-2E16-2657-DC9A-FA58B304EB73,Liberia,Snacks,22/06/2019,4512,152.58
C11EFC6A-C7FD-9F44-3B05-6B876D470CD3,North Korea,Beverages,04/03/2019,2594,47.45
BAF11998-1D2C-E81E-B066-F6061AB76E09,North Korea,Household,23/03/2018,7063,668.27
118B9E89-6972-19F4-FECA-0D80D9FBF60F,Romania,Household,01/02/2019,1050,668.27
3624B47C-3DAE-CE2E-E907-259CCFD20562,Sao Tome and Principe,Cereal,12/10/2018,9715,205.7
05D808A2-F7A4-F07A-AC6C-27E55A6DC554,Bahrain,Fruits,19/03/2018,5251,9.33
58068A5C-1001-F6EE-E874-CEF5F7AF184F,Somalia,Cosmetics,07/03/2018,1881,437.2
7D245A30-BE69-2E93-3068-B895E32D4066,Cyprus,Cereal,14/04/2018,861,205.7
C9ED59C5-A278-0652-05B0-F08C19B6697B,United Kingdom,Beverages,02/06/2018,5477,47.45
2E71ECCC-30C3-500A-0247-3D721CE3FEE1,Germany,Personal Care,11/09/2017,6045,81.73
A82364BF-F5A1-0B1C-DBDA-2A8AA861DA00,Somalia,Beverages,19/05/2018,4915,47.45
72594871-E235-AEB5-288E-8A9178A7A485,New Zealand,Household,04/06/2018,1466,668.27
5DEC883A-C459-C983-6E28-BB70C27FDD99,Kuwait,Meat,13/11/2017,7110,421.89
3ABA13E9-C72F-31ED-EDAC-3DD630C132DB,Japan,Cosmetics,25/07/2019,289,437.2
7D5F6805-9B48-94C1-ABF5-894B8CC8C566,Norway,Baby Food,27/01/2019,1476,255.28
7D658FCE-C68E-572C-8B8E-CB4D9CD92C43,Lesotho,Personal Care,10/05/2018,8177,81.73
006D67DA-B36D-757A-F993-6C48B61A857A,Belgium,Cosmetics,21/07/2019,9928,437.2
D570FB5E-F310-78A3-57FA-C2E99F117F67,Honduras,Cosmetics,08/05/2018,3295,437.2
1F449769-FC5C-757E-7A4C-D72C3213BEF9,Austria,Household,13/10/2017,6878,668.27
2554B6BE-0C67-0FF6-FB07-A24240F8F87F,Oman,Baby Food,21/08/2019,6307,255.28
F9316316-3EBE-5D02-5A33-837DA5EB06B1,Oman,Baby Food,30/05/2018,9242,255.28
5E90D879-E734-7BA4-C03A-F312490E663C,Spain,Snacks,21/12/2018,376,152.58
C5FF4CC5-9E33-57C1-5B26-864B9C626759,Afghanistan,Fruits,18/07/2018,6433,9.33
5F412BA5-C7D2-B06C-65B5-611DDE5FDEC6,Saint Vincent and the Grenadines,Cosmetics,16/03/2019,1167,437.2
FA46AFD5-7943-7AE9-9EFB-FB154534BF2C,Iceland,Vegetables,04/01/2018,365,154.06
5EAF3652-F5EE-1CF2-00CE-1CF602A465AA,Myanmar,Vegetables,20/11/2018,6844,154.06
C910E63F-BD87-7B4C-975F-3C4080BB2F18,Netherlands,Snacks,05/04/2019,5453,152.58
0E31FD62-132E-AB4A-4CA7-98A7E4F74AE1,Slovakia,Vegetables,16/02/2019,8071,154.06
8F94EDC8-8352-3B70-022A-EB1D391BB853,Bahrain,Fruits,22/04/2018,8610,9.33
26073BA0-806E-FE91-474E-480B7295AEBA,Lesotho,Baby Food,03/05/2019,8012,255.28
73A0C24A-2A8E-2C50-3362-AF259762FB1B,Cuba,Clothes,30/03/2018,9250,109.28
268543C4-78F4-F0DD-BA42-373DB6B4E5D9,Afghanistan,Clothes,15/02/2019,2331,109.28
26DF5652-F89C-62FD-51F2-51F95C33C68B,Vanuatu,Cereal,21/10/2018,9289,205.7
0C0093B0-ED81-71B2-BDA1-439E716A6404,Bhutan,Beverages,07/10/2018,9192,47.45
18A16AE6-C5B2-8F18-D734-325481680077,Palau,Cereal,08/06/2019,3139,205.7
7FFA555C-7778-240B-CA0D-0D8F4A5A6730,Indonesia,Personal Care,07/04/2018,9259,81.73
E69BB063-CBC6-B4B3-6BAD-30680D204B82,Andorra,Baby Food,28/02/2019,7714,255.28
F887E2C2-3084-A124-80CC-9D8ABA72B906,Algeria,Office Supplies,28/07/2019,5696,651.21
24FC6D0A-E3EB-F8A6-C4AA-81CA7C6E0554,Vanuatu,Cosmetics,13/02/2018,2429,437.2
B2F61940-15B7-4E26-BAC1-30A92C98A6A5,Mexico,Baby Food,21/10/2018,4168,255.28
6A844492-82D0-CBC0-B2BC-0DE7F24AAC8D,Macedonia,Fruits,01/04/2019,9199,9.33
E742E4D6-2677-EB34-E953-D924F37E06F6,Panama,Personal Care,10/09/2019,2838,81.73
9B437196-73FE-EDAA-CAED-13BB9B0377FB,Nepal,Cereal,02/04/2019,2436,205.7
0BE77D13-ACA9-02A8-ECB2-557ECEA2FBC3,Nepal,Fruits,01/03/2019,2371,9.33
6629C7D2-AD14-5FEE-1B9E-9D2B8E82B6B1,Mauritius ,Cereal,22/12/2017,9055,205.7
0E01D1EA-19E3-7BCB-2D6E-D27C22F22FE7,Sao Tome and Principe,Clothes,15/04/2019,5930,109.28
B29B2CB6-C400-0664-5117-9CF188B02498,Saint Vincent and the Grenadines,Fruits,25/12/2018,8470,9.33
CB0853C6-75F4-1796-0E95-254626135860,Maldives,Personal Care,16/09/2017,9180,81.73
789B6DF1-4520-76E4-D445-BC8B956306CC,Swaziland,Personal Care,01/12/2018,2595,81.73
CCB14E3C-C8CA-FF16-85AE-D6E0DD10ED7D,Morocco,Cereal,17/07/2019,284,205.7
7E1C4D24-69FD-11C4-9273-E002C82CB3AC,Maldives,Clothes,17/08/2018,5844,109.28
492C9409-4AAC-AAF8-AEA2-E7868CC94F94,Zimbabwe,Fruits,07/12/2018,9907,9.33
9A8708DD-5C0E-7D05-627F-293D0AE0962D,India,Cereal,08/08/2019,5132,205.7
D21A4042-C484-3E5F-F59D-9FAE9F893D26,Tajikistan,Beverages,08/06/2018,1212,47.45
D08330CB-131A-9F38-9CBC-F387E4795C14,Lesotho,Snacks,25/05/2018,9872,152.58
6C16C961-3F50-0C94-A24D-18930631D2EC,Bhutan,Office Supplies,21/02/2018,9865,651.21
FC7A3881-01FE-6136-1373-6A4ECBDB106F,Trinidad and Tobago,Snacks,27/01/2018,1978,152.58
D5793450-0442-DB1A-9915-020CADAF27C0,Tuvalu,Fruits,11/04/2019,4028,9.33
2EB3AD92-2E4E-A376-1C41-C18A44C9A5EC,Iraq,Clothes,27/09/2018,5864,109.28
B84B0CD0-BA48-BEA2-76E8-8FDF84507EF9,The Gambia,Vegetables,23/05/2019,4366,154.06
1030AE90-DA2D-D1F3-1F72-266D7B59D733,Bahrain,Beverages,07/06/2018,8445,47.45
94E5BD7C-0C32-427C-F25C-8767123BFC1A,Qatar,Meat,28/01/2019,4043,421.89
7A5919B0-BA9A-6F4B-6B15-6D7E02FB5A09,Angola,Household,19/05/2019,9135,668.27
FA81557B-FA9C-F06E-EED7-3A5240D1C5F7,Costa Rica,Cosmetics,17/04/2019,8724,437.2
2AF4B05D-13FE-B8AA-54A8-1650AE83A335,Papua New Guinea,Household,27/02/2018,9847,668.27
10F55E29-0EE7-0A83-7804-CCD4EFBF9072,Qatar,Clothes,01/04/2019,6571,109.28
F0D2BFD6-E5B7-ECD9-8DC8-202A45CB52DB,Saint Kitts and Nevis ,Clothes,11/12/2017,4995,109.28
DA78E1D1-656B-7586-8518-924CED89CB7F,Sierra Leone,Fruits,02/05/2018,8250,9.33
CF2FC849-9A14-43A3-547A-41F2994114D6,Russia,Fruits,19/08/2018,1495,9.33
3B7AEA0D-FD5F-60E3-755D-4AED99E5A616,Lithuania,Vegetables,12/11/2018,6923,154.06
4A088824-4B03-285A-378D-810E98C1B38E,United Kingdom,Vegetables,29/12/2017,8759,154.06
C4A79544-A463-CBD4-4F4F-DF7ECAEC8963,Indonesia,Personal Care,07/11/2018,8256,81.73
940D1FC1-BD9A-2F79-3CEA-7AB399282BDA,Mongolia,Beverages,04/12/2017,8702,47.45
B942349E-B1C8-A7F5-3C58-463272CE123B,Egypt,Office Supplies,05/05/2019,413,651.21
38B09505-C1AB-C8F3-F7C6-A79FCD4DC792,Comoros,Household,31/01/2018,5738,668.27
AFDA158E-90B2-7043-88D7-21FB3DAECB52,Slovenia,Household,27/03/2019,4057,668.27
D6D1A5B8-86AC-6455-8B36-5E518D9A298C,Lebanon,Beverages,25/09/2017,6781,47.45
287F8C87-5A80-53F2-F5C8-87249E9DFC29,Australia,Cosmetics,24/06/2018,2352,437.2
0B7DE1FD-2C05-16A9-FDFB-1D72E371F88B,Haiti,Snacks,14/11/2018,1245,152.58
4B77F20C-D063-07EE-120A-DE075F7456DD,Saint Kitts and Nevis ,Meat,19/05/2018,963,421.89
F8D2538F-4620-73AD-F330-F231D80C2393,Syria,Vegetables,26/08/2018,1044,154.06
084A55F6-533F-92C6-351D-4DEEF746FF6A,Laos,Snacks,29/10/2017,8054,152.58
045A22C4-5D98-A76B-DEAD-1F84D9BA9193,Saint Kitts and Nevis ,Cereal,23/04/2018,592,205.7
A51C02F8-6817-DDB1-6E5E-46E649837C46,Sudan,Vegetables,17/04/2018,4288,154.06
E742A66E-1616-34E5-3CA9-0C00581EDE88,Guatemala,Meat,21/09/2017,6803,421.89
E4BF8B9B-043B-D94A-F023-886B79F0BA89,Brunei,Clothes,27/12/2017,2830,109.28
96E684C3-6FB2-8A97-4DC9-03CDBF330E01,Jordan,Clothes,11/12/2017,9092,109.28
E676D8D9-5550-1A46-6E60-9F35CF31DF49,Panama,Meat,28/07/2018,9344,421.89
F1D4CA2B-3595-3BAF-F47C-08AD20B3A28C,Central African Republic,Household,29/11/2018,9372,668.27
95EFE380-4D43-E3E1-31B8-9B4E61931E4D,Bahrain,Beverages,10/11/2017,1993,47.45
7D4BE526-DEDB-07A6-5851-D87C4AD7E676,Burundi,Beverages,11/02/2018,2057,47.45
644B5E49-0474-52BC-5080-1B4FFF50853B,Austria,Cereal,07/02/2019,1443,205.7
CACC2E62-0771-EFD8-1854-02B1CCF94B59,Fiji,Beverages,05/03/2019,4062,47.45
A065CFB2-6DC3-EA3F-9C00-55AA3B2649E6,Fiji,Clothes,25/08/2018,856,109.28
08A0B5C9-D8F0-C95A-2ABA-6773767C90BE,Switzerland,Snacks,11/12/2017,4800,152.58
609848A0-A26B-9B03-AB6E-8DD8F897970F,Yemen,Office Supplies,05/05/2018,5898,651.21
A02F2393-4CE4-C595-1CAB-20CD8C8ECF53,Comoros,Personal Care,12/04/2018,6186,81.73
94A0B14C-885C-C69F-7066-CC78060A0283,Democratic Republic of the Congo,Office Supplies,18/10/2017,4732,651.21
86C05641-3C85-8D7E-3F29-95539E00CE8C,Mongolia,Clothes,24/10/2017,2633,109.28
C5F91054-EAB1-A448-EF5B-4A57EE12B810,Palau,Household,10/12/2018,8021,668.27
7AE9B3FD-DB60-4BA0-D737-9F9032EC45AB,Monaco,Snacks,25/04/2019,1057,152.58
AB69DA05-9C2E-14BB-318C-4E32EB0A0C6B,Fiji,Cereal,11/03/2019,8932,205.7
130A0E92-5554-D114-D9AC-86C86000B7D8,Mali,Beverages,13/05/2019,870,47.45
85B9258A-97FB-217F-52F2-D3975873BBA8,Liberia,Cereal,15/01/2019,3126,205.7
71781436-C17C-32AF-D432-0028016F3186,Switzerland,Beverages,15/06/2019,3987,47.45
EB6ACDD5-F96C-6917-F4A7-7C3B95CA0DD3,Samoa ,Baby Food,22/06/2018,8769,255.28
24D81313-CFD5-6908-0A90-51F3405672D8,Nepal,Meat,18/02/2019,4821,421.89
ADA5D387-B0CA-E201-FF2E-2DAB18D36ADC,Azerbaijan,Snacks,18/05/2019,6524,152.58
529D2375-D9ED-34F8-CEAA-A260DC143BAC,Georgia,Baby Food,30/11/2017,288,255.28
E4A2AB5F-16F5-57BC-88C8-CC10E3A176C4,United Arab Emirates,Vegetables,14/07/2019,9556,154.06
337020CB-46B6-B437-9A20-0AB9690AB124,Finland,Household,18/04/2018,9801,668.27
D922B533-73B0-3CB6-D1D4-33624DC400E2,Portugal,Cereal,08/07/2018,3528,205.7
D922B733-73B0-3CB6-D1D4-33624DC400E2,Georgia,Snacks,08/07/2018,3528,205.7
